species,nt,ntp1,oviposition_days,chaff_presence,temp,rh,exp_name,output_eggs
A,5,4,7,0,22.5,70,cc_cold,NA
A,5,27,7,0,22.5,70,cc_cold,NA
A,5,70,7,0,22.5,70,cc_cold,NA
A,5,59,7,0,22.5,70,cc_cold,NA
A,5,37,7,0,22.5,70,cc_cold,NA
A,10,65,7,0,22.5,70,cc_cold,NA
A,10,62,7,0,22.5,70,cc_cold,NA
A,10,71,7,0,22.5,70,cc_cold,NA
A,10,109,7,0,22.5,70,cc_cold,NA
A,10,74,7,0,22.5,70,cc_cold,NA
A,20,139,7,0,22.5,70,cc_cold,NA
A,20,82,7,0,22.5,70,cc_cold,NA
A,20,88,7,0,22.5,70,cc_cold,NA
A,20,116,7,0,22.5,70,cc_cold,NA
A,20,124,7,0,22.5,70,cc_cold,NA
A,40,176,7,0,22.5,70,cc_cold,NA
A,40,204,7,0,22.5,70,cc_cold,NA
A,40,190,7,0,22.5,70,cc_cold,NA
A,40,158,7,0,22.5,70,cc_cold,NA
A,40,240,7,0,22.5,70,cc_cold,NA
A,40,195,7,0,22.5,70,cc_cold,NA
A,40,191,7,0,22.5,70,cc_cold,NA
A,40,160,7,0,22.5,70,cc_cold,NA
A,40,170,7,0,22.5,70,cc_cold,NA
A,40,210,7,0,22.5,70,cc_cold,NA
A,5,50,7,0,22.5,70,cc_cold,NA
A,5,24,7,0,22.5,70,cc_cold,NA
A,5,21,7,0,22.5,70,cc_cold,NA
A,5,83,7,0,22.5,70,cc_cold,NA
A,5,23,7,0,22.5,70,cc_cold,NA
A,5,17,7,0,22.5,70,cc_cold,NA
A,5,70,7,0,22.5,70,cc_cold,NA
A,5,0,7,0,22.5,70,cc_cold,NA
A,5,40,7,0,22.5,70,cc_cold,NA
A,5,0,7,0,22.5,70,cc_cold,NA
A,5,54,7,0,22.5,70,cc_cold,NA
A,5,21,7,0,22.5,70,cc_cold,NA
A,5,71,7,0,22.5,70,cc_cold,NA
A,5,19,7,0,22.5,70,cc_cold,NA
A,5,65,7,0,22.5,70,cc_cold,NA
A,5,16,7,0,22.5,70,cc_cold,NA
A,5,23,7,0,22.5,70,cc_cold,NA
A,5,46,7,0,22.5,70,cc_cold,NA
A,5,31,7,0,22.5,70,cc_cold,NA
A,5,21,7,0,22.5,70,cc_cold,NA
A,5,0,7,0,22.5,70,cc_cold,NA
A,5,10,7,0,22.5,70,cc_cold,NA
A,5,32,7,0,22.5,70,cc_cold,NA
A,5,28,7,0,22.5,70,cc_cold,NA
A,5,53,7,0,22.5,70,cc_cold,NA
A,50,245,7,0,22.5,70,cc_cold,NA
A,50,198,7,0,22.5,70,cc_cold,NA
A,50,305,7,0,22.5,70,cc_cold,NA
A,50,266,7,0,22.5,70,cc_cold,NA
A,50,209,7,0,22.5,70,cc_cold,NA
A,50,280,7,0,22.5,70,cc_cold,NA
A,50,290,7,0,22.5,70,cc_cold,NA
A,50,314,7,0,22.5,70,cc_cold,NA
A,50,279,7,0,22.5,70,cc_cold,NA
A,50,352,7,0,22.5,70,cc_cold,NA
A,50,290,7,0,22.5,70,cc_cold,NA
A,50,278,7,0,22.5,70,cc_cold,NA
A,50,291,7,0,22.5,70,cc_cold,NA
A,50,323,7,0,22.5,70,cc_cold,NA
A,50,270,7,0,22.5,70,cc_cold,NA
A,50,237,7,0,22.5,70,cc_cold,NA
A,50,269,7,0,22.5,70,cc_cold,NA
A,50,246,7,0,22.5,70,cc_cold,NA
A,50,255,7,0,22.5,70,cc_cold,NA
A,50,325,7,0,22.5,70,cc_cold,NA
A,50,301,7,0,22.5,70,cc_cold,NA
A,50,220,7,0,22.5,70,cc_cold,NA
A,50,303,7,0,22.5,70,cc_cold,NA
A,50,241,7,0,22.5,70,cc_cold,NA
A,10,106,7,0,22.5,70,cc_cold,NA
A,10,118,7,0,22.5,70,cc_cold,NA
A,10,137,7,0,22.5,70,cc_cold,NA
A,10,73,7,0,22.5,70,cc_cold,NA
A,10,98,7,0,22.5,70,cc_cold,NA
A,10,103,7,0,22.5,70,cc_cold,NA
A,10,75,7,0,22.5,70,cc_cold,NA
A,10,82,7,0,22.5,70,cc_cold,NA
A,10,48,7,0,22.5,70,cc_cold,NA
A,10,41,7,0,22.5,70,cc_cold,NA
A,10,103,7,0,22.5,70,cc_cold,NA
A,10,81,7,0,22.5,70,cc_cold,NA
A,10,86,7,0,22.5,70,cc_cold,NA
A,10,76,7,0,22.5,70,cc_cold,NA
A,10,100,7,0,22.5,70,cc_cold,NA
A,10,96,7,0,22.5,70,cc_cold,NA
A,10,53,7,0,22.5,70,cc_cold,NA
A,10,76,7,0,22.5,70,cc_cold,NA
A,10,53,7,0,22.5,70,cc_cold,NA
A,10,133,7,0,22.5,70,cc_cold,NA
A,10,52,7,0,22.5,70,cc_cold,NA
A,10,70,7,0,22.5,70,cc_cold,NA
A,10,75,7,0,22.5,70,cc_cold,NA
A,10,81,7,0,22.5,70,cc_cold,NA
A,10,116,7,0,22.5,70,cc_cold,NA
A,50,283,7,0,22.5,70,cc_cold,NA
A,50,262,7,0,22.5,70,cc_cold,NA
A,50,280,7,0,22.5,70,cc_cold,NA
A,50,254,7,0,22.5,70,cc_cold,NA
A,50,255,7,0,22.5,70,cc_cold,NA
A,100,378,7,0,22.5,70,cc_cold,NA
A,100,346,7,0,22.5,70,cc_cold,NA
A,100,331,7,0,22.5,70,cc_cold,NA
A,100,400,7,0,22.5,70,cc_cold,NA
A,100,377,7,0,22.5,70,cc_cold,NA
A,100,414,7,0,22.5,70,cc_cold,NA
A,100,389,7,0,22.5,70,cc_cold,NA
A,100,363,7,0,22.5,70,cc_cold,NA
A,100,291,7,0,22.5,70,cc_cold,NA
A,100,346,7,0,22.5,70,cc_cold,NA
A,100,388,7,0,22.5,70,cc_cold,NA
A,100,353,7,0,22.5,70,cc_cold,NA
A,100,378,7,0,22.5,70,cc_cold,NA
A,100,383,7,0,22.5,70,cc_cold,NA
A,100,319,7,0,22.5,70,cc_cold,NA
A,100,353,7,0,22.5,70,cc_cold,NA
A,100,380,7,0,22.5,70,cc_cold,NA
A,100,383,7,0,22.5,70,cc_cold,NA
A,100,374,7,0,22.5,70,cc_cold,NA
A,100,328,7,0,22.5,70,cc_cold,NA
A,20,154,7,0,22.5,70,cc_cold,NA
A,20,166,7,0,22.5,70,cc_cold,NA
A,20,101,7,0,22.5,70,cc_cold,NA
A,20,127,7,0,22.5,70,cc_cold,NA
A,20,151,7,0,22.5,70,cc_cold,NA
A,20,164,7,0,22.5,70,cc_cold,NA
A,20,134,7,0,22.5,70,cc_cold,NA
A,20,163,7,0,22.5,70,cc_cold,NA
A,20,145,7,0,22.5,70,cc_cold,NA
A,20,220,7,0,22.5,70,cc_cold,NA
A,20,151,7,0,22.5,70,cc_cold,NA
A,20,153,7,0,22.5,70,cc_cold,NA
A,20,116,7,0,22.5,70,cc_cold,NA
A,20,114,7,0,22.5,70,cc_cold,NA
A,20,123,7,0,22.5,70,cc_cold,NA
A,20,178,7,0,22.5,70,cc_cold,NA
A,20,125,7,0,22.5,70,cc_cold,NA
A,20,164,7,0,22.5,70,cc_cold,NA
A,20,65,7,0,22.5,70,cc_cold,NA
A,20,192,7,0,22.5,70,cc_cold,NA
A,20,139,7,0,22.5,70,cc_cold,NA
A,20,160,7,0,22.5,70,cc_cold,NA
A,20,126,7,0,22.5,70,cc_cold,NA
A,20,131,7,0,22.5,70,cc_cold,NA
A,20,142,7,0,22.5,70,cc_cold,NA
A,100,337,7,0,22.5,70,cc_cold,NA
A,100,363,7,0,22.5,70,cc_cold,NA
A,100,308,7,0,22.5,70,cc_cold,NA
A,100,327,7,0,22.5,70,cc_cold,NA
A,100,349,7,0,22.5,70,cc_cold,NA
A,100,365,7,0,22.5,70,cc_cold,NA
A,100,325,7,0,22.5,70,cc_cold,NA
A,100,338,7,0,22.5,70,cc_cold,NA
A,100,348,7,0,22.5,70,cc_cold,NA
A,100,301,7,0,22.5,70,cc_cold,NA
A,200,385,7,0,22.5,70,cc_cold,NA
A,200,357,7,0,22.5,70,cc_cold,NA
A,200,395,7,0,22.5,70,cc_cold,NA
A,200,351,7,0,22.5,70,cc_cold,NA
A,200,367,7,0,22.5,70,cc_cold,NA
A,200,392,7,0,22.5,70,cc_cold,NA
A,200,393,7,0,22.5,70,cc_cold,NA
A,200,386,7,0,22.5,70,cc_cold,NA
A,200,398,7,0,22.5,70,cc_cold,NA
A,200,378,7,0,22.5,70,cc_cold,NA
A,200,288,7,1,22.5,70,cc_cold,NA
A,200,420,7,0,22.5,70,cc_cold,NA
A,200,362,7,0,22.5,70,cc_cold,NA
A,200,400,7,0,22.5,70,cc_cold,NA
A,200,380,7,0,22.5,70,cc_cold,NA
A,40,226,7,0,22.5,70,cc_cold,NA
A,40,212,7,0,22.5,70,cc_cold,NA
A,40,256,7,0,22.5,70,cc_cold,NA
A,40,180,7,0,22.5,70,cc_cold,NA
A,40,244,7,0,22.5,70,cc_cold,NA
A,30,189,7,0,22.5,70,cc_cold,NA
A,30,259,7,0,22.5,70,cc_cold,NA
A,30,174,7,0,22.5,70,cc_cold,NA
A,30,147,7,0,22.5,70,cc_cold,NA
A,30,176,7,0,22.5,70,cc_cold,NA
A,40,226,7,0,22.5,70,cc_cold,NA
A,40,212,7,0,22.5,70,cc_cold,NA
A,40,263,7,0,22.5,70,cc_cold,NA
A,40,227,7,0,22.5,70,cc_cold,NA
A,40,263,7,0,22.5,70,cc_cold,NA
A,30,136,7,0,22.5,70,cc_cold,NA
A,30,166,7,0,22.5,70,cc_cold,NA
A,30,164,7,0,22.5,70,cc_cold,NA
A,30,222,7,0,22.5,70,cc_cold,NA
A,30,187,7,0,22.5,70,cc_cold,NA
A,30,164,7,0,22.5,70,cc_cold,NA
A,30,182,7,0,22.5,70,cc_cold,NA
A,30,170,7,0,22.5,70,cc_cold,NA
A,30,222,7,0,22.5,70,cc_cold,NA
A,30,150,7,0,22.5,70,cc_cold,NA
A,200,397,7,0,22.5,70,cc_cold,NA
A,200,388,7,0,22.5,70,cc_cold,NA
A,200,388,7,0,22.5,70,cc_cold,NA
A,200,388,7,0,22.5,70,cc_cold,NA
A,200,381,7,0,22.5,70,cc_cold,NA
A,500,70,7,1,22.5,70,cc_cold,NA
A,500,375,7,0,22.5,70,cc_cold,NA
A,500,435,7,0,22.5,70,cc_cold,NA
A,500,416,7,0,22.5,70,cc_cold,NA
A,500,490,7,0,22.5,70,cc_cold,NA
A,500,421,7,0,22.5,70,cc_cold,NA
A,500,439,7,0,22.5,70,cc_cold,NA
A,500,421,7,0,22.5,70,cc_cold,NA
A,500,335,7,0,22.5,70,cc_cold,NA
A,500,423,7,0,22.5,70,cc_cold,NA
A,500,142,7,1,22.5,70,cc_cold,NA
A,500,478,7,0,22.5,70,cc_cold,NA
A,500,427,7,0,22.5,70,cc_cold,NA
A,500,272,7,0,22.5,70,cc_cold,NA
A,500,393,7,0,22.5,70,cc_cold,NA
A,30,152,7,0,22.5,70,cc_cold,NA
A,30,191,7,0,22.5,70,cc_cold,NA
A,30,247,7,0,22.5,70,cc_cold,NA
A,30,229,7,0,22.5,70,cc_cold,NA
A,30,251,7,0,22.5,70,cc_cold,NA
A,1000,572,7,1,22.5,70,cc_cold,NA
A,1000,499,7,0,22.5,70,cc_cold,NA
A,1000,410,7,0,22.5,70,cc_cold,NA
A,1000,436,7,0,22.5,70,cc_cold,NA
A,1000,242,7,0,22.5,70,cc_cold,NA
A,1000,493,7,0,22.5,70,cc_cold,NA
A,1000,468,7,0,22.5,70,cc_cold,NA
A,1000,426,7,0,22.5,70,cc_cold,NA
A,1000,432,7,0,22.5,70,cc_cold,NA
A,1000,460,7,0,22.5,70,cc_cold,NA
A,1000,486,7,0,22.5,70,cc_cold,NA
A,1000,174,7,1,22.5,70,cc_cold,NA
A,1000,478,7,0,22.5,70,cc_cold,NA
A,1000,251,7,1,22.5,70,cc_cold,NA
A,1000,488,7,0,22.5,70,cc_cold,NA
A,1000,463,7,0,22.5,70,cc_cold,NA
A,1000,491,7,0,22.5,70,cc_cold,NA
A,1000,178,7,1,22.5,70,cc_cold,NA
A,500,409,7,0,22.5,70,cc_cold,NA
A,19,346,7.08333,0,31,70,castaneum_chaos,NA
A,68,277,7.08333,0,31,70,castaneum_chaos,NA
A,22,313,7.08333,0,31,70,castaneum_chaos,NA
A,72,183,7.08333,0,31,70,castaneum_chaos,NA
A,74,304,7.08333,0,31,70,castaneum_chaos,NA
A,72,278,7.08333,0,31,70,castaneum_chaos,NA
A,16,252,7.08333,0,31,70,castaneum_chaos,NA
A,44,328,7.08333,0,31,70,castaneum_chaos,NA
A,8,296,7.08333,0,31,70,castaneum_chaos,NA
A,36,320,7.08333,0,31,70,castaneum_chaos,NA
A,56,22,7.08333,1,31,70,castaneum_chaos,NA
A,42,247,7.08333,0,31,70,castaneum_chaos,NA
A,11,298,7.08333,0,31,70,castaneum_chaos,NA
A,86,180,7.08333,0,31,70,castaneum_chaos,NA
A,50,298,7.08333,0,31,70,castaneum_chaos,NA
A,20,323,7.08333,0,31,70,castaneum_chaos,NA
A,12,282,7.08333,0,31,70,castaneum_chaos,NA
A,26,296,7.08333,0,31,70,castaneum_chaos,NA
A,9,249,7.08333,0,31,70,castaneum_chaos,NA
A,17,339,7.08333,0,31,70,castaneum_chaos,NA
A,54,310,7.08333,0,31,70,castaneum_chaos,NA
A,44,287,7.08333,0,31,70,castaneum_chaos,NA
A,76,254,7.08333,0,31,70,castaneum_chaos,NA
A,14,328,7.08333,0,31,70,castaneum_chaos,NA
A,82,277,7.08333,0,31,70,castaneum_chaos,NA
A,19,302,7.08333,0,31,70,castaneum_chaos,NA
A,66,250,7.08333,0,31,70,castaneum_chaos,NA
A,56,288,7.08333,0,31,70,castaneum_chaos,NA
A,70,302,7.08333,0,31,70,castaneum_chaos,NA
A,15,262,7.08333,0,31,70,castaneum_chaos,NA
A,40,288,7.08333,0,31,70,castaneum_chaos,NA
A,8,244,7.08333,0,31,70,castaneum_chaos,NA
A,5,1,7.08333,0,31,70,castaneum_chaos,NA
A,5,98,7.08333,0,31,70,castaneum_chaos,NA
A,66,239,7.08333,0,31,70,castaneum_chaos,NA
A,44,282,7.08333,0,31,70,castaneum_chaos,NA
A,34,306,7.08333,0,31,70,castaneum_chaos,NA
A,60,273,7.08333,0,31,70,castaneum_chaos,NA
A,56,270,7.08333,0,31,70,castaneum_chaos,NA
A,56,282,7.08333,0,31,70,castaneum_chaos,NA
A,84,272,7.08333,0,31,70,castaneum_chaos,NA
A,40,192,7.08333,0,31,70,castaneum_chaos,NA
A,5,161,7.08333,0,31,70,castaneum_chaos,NA
A,82,47,7.08333,1,31,70,castaneum_chaos,NA
A,13,268,7.08333,0,31,70,castaneum_chaos,NA
A,19,312,7.08333,0,31,70,castaneum_chaos,NA
A,7,177,7.08333,0,31,70,castaneum_chaos,NA
A,84,281,7.08333,0,31,70,castaneum_chaos,NA
A,84,301,7.08333,0,31,70,castaneum_chaos,NA
A,44,329,7.08333,0,31,70,castaneum_chaos,NA
A,15,309,7.08333,0,31,70,castaneum_chaos,NA
A,19,297,7.08333,0,31,70,castaneum_chaos,NA
A,38,350,7.08333,0,31,70,castaneum_chaos,NA
A,74,293,7.08333,0,31,70,castaneum_chaos,NA
A,11,311,7.08333,0,31,70,castaneum_chaos,NA
A,12,218,7.08333,0,31,70,castaneum_chaos,NA
A,52,326,7.08333,0,31,70,castaneum_chaos,NA
A,80,240,7.08333,0,31,70,castaneum_chaos,NA
A,4,95,7.08333,0,31,70,castaneum_chaos,NA
A,64,261,7.08333,0,31,70,castaneum_chaos,NA
A,42,304,7.08333,0,31,70,castaneum_chaos,NA
A,76,322,7.08333,0,31,70,castaneum_chaos,NA
A,9,168,7.08333,0,31,70,castaneum_chaos,NA
A,70,168,7.08333,1,31,70,castaneum_chaos,NA
A,13,305,7.08333,0,31,70,castaneum_chaos,NA
A,24,331,7.08333,0,31,70,castaneum_chaos,NA
A,24,344,7.08333,0,31,70,castaneum_chaos,NA
A,22,320,7.08333,0,31,70,castaneum_chaos,NA
A,64,325,7.08333,0,31,70,castaneum_chaos,NA
A,34,276,7.08333,0,31,70,castaneum_chaos,NA
A,54,50,7.08333,1,31,70,castaneum_chaos,NA
A,80,331,7.08333,0,31,70,castaneum_chaos,NA
A,36,317,7.08333,0,31,70,castaneum_chaos,NA
A,60,328,7.08333,0,31,70,castaneum_chaos,NA
A,48,298,7.08333,0,31,70,castaneum_chaos,NA
A,78,318,7.08333,0,31,70,castaneum_chaos,NA
A,50,306,7.08333,0,31,70,castaneum_chaos,NA
A,60,268,7.08333,0,31,70,castaneum_chaos,NA
A,34,348,7.08333,0,31,70,castaneum_chaos,NA
A,30,351,7.08333,0,31,70,castaneum_chaos,NA
A,46,302,7.08333,0,31,70,castaneum_chaos,NA
A,9,214,7.08333,0,31,70,castaneum_chaos,NA
A,10,226,7.08333,0,31,70,castaneum_chaos,NA
A,82,245,7.08333,0,31,70,castaneum_chaos,NA
A,4,273,7.08333,0,31,70,castaneum_chaos,NA
A,28,290,7.08333,0,31,70,castaneum_chaos,NA
A,22,351,7.08333,0,31,70,castaneum_chaos,NA
A,50,338,7.08333,0,31,70,castaneum_chaos,NA
A,9,288,7.08333,0,31,70,castaneum_chaos,NA
A,68,249,7.08333,0,31,70,castaneum_chaos,NA
A,82,298,7.08333,0,31,70,castaneum_chaos,NA
A,20,338,7.08333,0,31,70,castaneum_chaos,NA
A,20,322,7.08333,0,31,70,castaneum_chaos,NA
A,60,335,7.08333,0,31,70,castaneum_chaos,NA
A,22,306,7.08333,0,31,70,castaneum_chaos,NA
A,24,342,7.08333,0,31,70,castaneum_chaos,NA
A,30,360,7.08333,0,31,70,castaneum_chaos,NA
A,12,329,7.08333,0,31,70,castaneum_chaos,NA
A,50,341,7.08333,0,31,70,castaneum_chaos,NA
A,13,399,7.08333,0,31,70,castaneum_chaos,NA
A,32,296,7.08333,0,31,70,castaneum_chaos,NA
A,52,267,7.08333,0,31,70,castaneum_chaos,NA
A,6,223,7.08333,0,31,70,castaneum_chaos,NA
A,14,280,7.08333,0,31,70,castaneum_chaos,NA
A,66,312,7.08333,0,31,70,castaneum_chaos,NA
A,6,262,7.08333,0,31,70,castaneum_chaos,NA
A,15,286,7.08333,0,31,70,castaneum_chaos,NA
A,20,290,7.08333,0,31,70,castaneum_chaos,NA
A,64,269,7.08333,0,31,70,castaneum_chaos,NA
A,18,220,7.08333,0,31,70,castaneum_chaos,NA
A,56,262,7.08333,0,31,70,castaneum_chaos,NA
A,58,248,7.08333,0,31,70,castaneum_chaos,NA
A,26,286,7.08333,0,31,70,castaneum_chaos,NA
A,20,343,7.08333,0,31,70,castaneum_chaos,NA
A,46,265,7.08333,0,31,70,castaneum_chaos,NA
A,86,280,7.08333,0,31,70,castaneum_chaos,NA
A,46,305,7.08333,0,31,70,castaneum_chaos,NA
A,26,275,7.08333,0,31,70,castaneum_chaos,NA
A,72,277,7.08333,0,31,70,castaneum_chaos,NA
A,13,302,7.08333,0,31,70,castaneum_chaos,NA
A,4,204,7.08333,0,31,70,castaneum_chaos,NA
A,14,237,7.08333,0,31,70,castaneum_chaos,NA
A,15,239,7.08333,0,31,70,castaneum_chaos,NA
A,22,300,7.08333,0,31,70,castaneum_chaos,NA
A,60,270,7.08333,0,31,70,castaneum_chaos,NA
A,82,327,7.08333,0,31,70,castaneum_chaos,NA
A,17,303,7.08333,0,31,70,castaneum_chaos,NA
A,58,243,7.08333,0,31,70,castaneum_chaos,NA
A,34,324,7.08333,0,31,70,castaneum_chaos,NA
A,8,348,7.08333,0,31,70,castaneum_chaos,NA
A,15,268,7.08333,0,31,70,castaneum_chaos,NA
A,7,213,7.08333,0,31,70,castaneum_chaos,NA
A,86,267,7.08333,0,31,70,castaneum_chaos,NA
A,11,270,7.08333,0,31,70,castaneum_chaos,NA
A,26,292,7.08333,0,31,70,castaneum_chaos,NA
A,84,296,7.08333,0,31,70,castaneum_chaos,NA
A,70,268,7.08333,0,31,70,castaneum_chaos,NA
A,50,287,7.08333,0,31,70,castaneum_chaos,NA
A,64,237,7.08333,0,31,70,castaneum_chaos,NA
A,22,317,7.08333,0,31,70,castaneum_chaos,NA
A,7,209,7.08333,0,31,70,castaneum_chaos,NA
A,36,296,7.08333,0,31,70,castaneum_chaos,NA
A,20,302,7.08333,0,31,70,castaneum_chaos,NA
A,54,260,7.08333,0,31,70,castaneum_chaos,NA
A,48,340,7.08333,0,31,70,castaneum_chaos,NA
A,58,296,7.08333,0,31,70,castaneum_chaos,NA
A,7,100,7.08333,0,31,70,castaneum_chaos,NA
A,58,284,7.08333,0,31,70,castaneum_chaos,NA
A,20,300,7.08333,0,31,70,castaneum_chaos,NA
A,28,296,7.08333,0,31,70,castaneum_chaos,NA
A,32,319,7.08333,0,31,70,castaneum_chaos,NA
A,30,292,7.08333,0,31,70,castaneum_chaos,NA
A,30,314,7.08333,0,31,70,castaneum_chaos,NA
A,34,309,7.08333,0,31,70,castaneum_chaos,NA
A,19,294,7.08333,0,31,70,castaneum_chaos,NA
A,72,306,7.08333,0,31,70,castaneum_chaos,NA
A,28,321,7.08333,0,31,70,castaneum_chaos,NA
A,34,323,7.08333,0,31,70,castaneum_chaos,NA
A,16,281,7.08333,0,31,70,castaneum_chaos,NA
A,22,303,7.08333,0,31,70,castaneum_chaos,NA
A,56,246,7.08333,0,31,70,castaneum_chaos,NA
A,78,267,7.08333,0,31,70,castaneum_chaos,NA
A,17,277,7.08333,0,31,70,castaneum_chaos,NA
A,18,303,7.08333,0,31,70,castaneum_chaos,NA
A,19,284,7.08333,0,31,70,castaneum_chaos,NA
A,14,330,7.08333,0,31,70,castaneum_chaos,NA
A,72,253,7.08333,0,31,70,castaneum_chaos,NA
A,10,274,7.08333,0,31,70,castaneum_chaos,NA
A,58,276,7.08333,0,31,70,castaneum_chaos,NA
A,4,103,7.08333,0,31,70,castaneum_chaos,NA
A,44,286,7.08333,0,31,70,castaneum_chaos,NA
A,62,253,7.08333,0,31,70,castaneum_chaos,NA
A,86,245,7.08333,0,31,70,castaneum_chaos,NA
A,48,268,7.08333,0,31,70,castaneum_chaos,NA
A,17,263,7.08333,0,31,70,castaneum_chaos,NA
A,40,316,7.08333,0,31,70,castaneum_chaos,NA
A,58,277,7.08333,0,31,70,castaneum_chaos,NA
A,70,258,7.08333,0,31,70,castaneum_chaos,NA
A,12,312,7.08333,0,31,70,castaneum_chaos,NA
A,17,293,7.08333,0,31,70,castaneum_chaos,NA
A,15,314,7.08333,0,31,70,castaneum_chaos,NA
A,80,243,7.08333,0,31,70,castaneum_chaos,NA
A,16,254,7.08333,0,31,70,castaneum_chaos,NA
A,12,282,7.08333,0,31,70,castaneum_chaos,NA
A,7,213,7.08333,0,31,70,castaneum_chaos,NA
A,68,291,7.08333,0,31,70,castaneum_chaos,NA
A,68,200,7.08333,0,31,70,castaneum_chaos,NA
A,30,188,7.08333,0,31,70,castaneum_chaos,NA
A,24,291,7.08333,0,31,70,castaneum_chaos,NA
A,17,320,7.08333,0,31,70,castaneum_chaos,NA
A,46,269,7.08333,0,31,70,castaneum_chaos,NA
A,14,312,7.08333,0,31,70,castaneum_chaos,NA
A,8,264,7.08333,0,31,70,castaneum_chaos,NA
A,58,237,7.08333,0,31,70,castaneum_chaos,NA
A,52,278,7.08333,0,31,70,castaneum_chaos,NA
A,40,271,7.08333,0,31,70,castaneum_chaos,NA
A,14,293,7.08333,0,31,70,castaneum_chaos,NA
A,78,272,7.08333,0,31,70,castaneum_chaos,NA
A,10,312,7.08333,0,31,70,castaneum_chaos,NA
A,58,304,7.08333,0,31,70,castaneum_chaos,NA
A,30,321,7.08333,0,31,70,castaneum_chaos,NA
A,36,294,7.08333,0,31,70,castaneum_chaos,NA
A,48,338,7.08333,0,31,70,castaneum_chaos,NA
A,70,294,7.08333,0,31,70,castaneum_chaos,NA
A,9,146,7.08333,0,31,70,castaneum_chaos,NA
A,16,245,7.08333,0,31,70,castaneum_chaos,NA
A,72,306,7.08333,0,31,70,castaneum_chaos,NA
A,17,316,7.08333,0,31,70,castaneum_chaos,NA
A,30,309,7.08333,0,31,70,castaneum_chaos,NA
A,40,304,7.08333,0,31,70,castaneum_chaos,NA
A,38,284,7.08333,0,31,70,castaneum_chaos,NA
A,86,317,7.08333,0,31,70,castaneum_chaos,NA
A,64,252,7.08333,0,31,70,castaneum_chaos,NA
A,34,306,7.08333,0,31,70,castaneum_chaos,NA
A,74,280,7.08333,0,31,70,castaneum_chaos,NA
A,28,296,7.08333,0,31,70,castaneum_chaos,NA
A,30,317,7.08333,0,31,70,castaneum_chaos,NA
A,66,282,7.08333,0,31,70,castaneum_chaos,NA
A,76,272,7.08333,0,31,70,castaneum_chaos,NA
A,15,294,7.08333,0,31,70,castaneum_chaos,NA
A,15,281,7.08333,0,31,70,castaneum_chaos,NA
A,86,289,7.08333,0,31,70,castaneum_chaos,NA
A,12,289,7.08333,0,31,70,castaneum_chaos,NA
A,4,50,7.08333,0,31,70,castaneum_chaos,NA
A,78,295,7.08333,0,31,70,castaneum_chaos,NA
A,70,355,7.08333,0,31,70,castaneum_chaos,NA
A,86,320,7.08333,0,31,70,castaneum_chaos,NA
A,64,247,7.08333,0,31,70,castaneum_chaos,NA
A,54,296,7.08333,0,31,70,castaneum_chaos,NA
A,10,289,7.08333,0,31,70,castaneum_chaos,NA
A,6,235,7.08333,0,31,70,castaneum_chaos,NA
A,7,242,7.08333,0,31,70,castaneum_chaos,NA
A,5,254,7.08333,0,31,70,castaneum_chaos,NA
A,80,312,7.08333,0,31,70,castaneum_chaos,NA
A,38,235,7.08333,0,31,70,castaneum_chaos,NA
A,8,313,7.08333,0,31,70,castaneum_chaos,NA
A,12,231,7.08333,0,31,70,castaneum_chaos,NA
A,60,197,7.08333,0,31,70,castaneum_chaos,NA
A,22,306,7.08333,0,31,70,castaneum_chaos,NA
A,24,441,7.08333,1,31,70,castaneum_chaos,NA
A,11,273,7.08333,0,31,70,castaneum_chaos,NA
A,82,320,7.08333,0,31,70,castaneum_chaos,NA
A,9,269,7.08333,0,31,70,castaneum_chaos,NA
A,78,233,7.08333,0,31,70,castaneum_chaos,NA
A,12,289,7.08333,0,31,70,castaneum_chaos,NA
A,26,310,7.08333,0,31,70,castaneum_chaos,NA
A,78,340,7.08333,0,31,70,castaneum_chaos,NA
A,38,299,7.08333,0,31,70,castaneum_chaos,NA
A,54,293,7.08333,0,31,70,castaneum_chaos,NA
A,84,333,7.08333,0,31,70,castaneum_chaos,NA
A,50,270,7.08333,0,31,70,castaneum_chaos,NA
A,54,318,7.08333,0,31,70,castaneum_chaos,NA
A,18,299,7.08333,0,31,70,castaneum_chaos,NA
A,48,295,7.08333,0,31,70,castaneum_chaos,NA
A,76,322,7.08333,0,31,70,castaneum_chaos,NA
A,62,301,7.08333,0,31,70,castaneum_chaos,NA
A,5,241,7.08333,0,31,70,castaneum_chaos,NA
A,40,301,7.08333,0,31,70,castaneum_chaos,NA
A,7,319,7.08333,0,31,70,castaneum_chaos,NA
A,84,309,7.08333,0,31,70,castaneum_chaos,NA
A,52,357,7.08333,0,31,70,castaneum_chaos,NA
A,80,319,7.08333,0,31,70,castaneum_chaos,NA
A,19,272,7.08333,0,31,70,castaneum_chaos,NA
A,78,355,7.08333,0,31,70,castaneum_chaos,NA
A,14,278,7.08333,0,31,70,castaneum_chaos,NA
A,56,347,7.08333,0,31,70,castaneum_chaos,NA
A,64,309,7.08333,0,31,70,castaneum_chaos,NA
A,17,276,7.08333,0,31,70,castaneum_chaos,NA
A,11,253,7.08333,0,31,70,castaneum_chaos,NA
A,60,283,7.08333,0,31,70,castaneum_chaos,NA
A,50,332,7.08333,0,31,70,castaneum_chaos,NA
A,10,297,7.08333,0,31,70,castaneum_chaos,NA
A,16,275,7.08333,0,31,70,castaneum_chaos,NA
A,5,189,7.08333,0,31,70,castaneum_chaos,NA
A,74,343,7.08333,0,31,70,castaneum_chaos,NA
A,76,343,7.08333,0,31,70,castaneum_chaos,NA
A,4,228,7.08333,0,31,70,castaneum_chaos,NA
A,62,294,7.08333,0,31,70,castaneum_chaos,NA
A,82,286,7.08333,0,31,70,castaneum_chaos,NA
A,8,230,7.08333,0,31,70,castaneum_chaos,NA
A,4,93,7.08333,0,31,70,castaneum_chaos,NA
A,54,340,7.08333,0,31,70,castaneum_chaos,NA
A,82,346,7.08333,0,31,70,castaneum_chaos,NA
A,40,285,7.08333,0,31,70,castaneum_chaos,NA
A,15,255,7.08333,0,31,70,castaneum_chaos,NA
A,5,261,7.08333,0,31,70,castaneum_chaos,NA
A,38,315,7.08333,0,31,70,castaneum_chaos,NA
A,66,322,7.08333,0,31,70,castaneum_chaos,NA
A,44,322,7.08333,0,31,70,castaneum_chaos,NA
A,62,327,7.08333,0,31,70,castaneum_chaos,NA
A,56,314,7.08333,0,31,70,castaneum_chaos,NA
A,17,324,7.08333,0,31,70,castaneum_chaos,NA
A,12,266,7.08333,0,31,70,castaneum_chaos,NA
A,44,349,7.08333,0,31,70,castaneum_chaos,NA
A,5,259,7.08333,0,31,70,castaneum_chaos,NA
A,12,NA,7.08333,NA,31,70,castaneum_chaos,NA
A,76,NA,7.08333,NA,31,70,castaneum_chaos,NA
A,44,NA,7.08333,NA,31,70,castaneum_chaos,NA
A,22,NA,7.08333,NA,31,70,castaneum_chaos,NA
A,19,NA,7.08333,NA,31,70,castaneum_chaos,NA
A,40,286,7.08333,0,31,70,castaneum_chaos,NA
A,16,323,7.08333,0,31,70,castaneum_chaos,NA
A,68,275,7.08333,0,31,70,castaneum_chaos,NA
A,38,316,7.08333,0,31,70,castaneum_chaos,NA
A,16,333,7.08333,0,31,70,castaneum_chaos,NA
A,6,186,7.08333,0,31,70,castaneum_chaos,NA
A,82,262,7.08333,0,31,70,castaneum_chaos,NA
A,70,284,7.08333,0,31,70,castaneum_chaos,NA
A,38,321,7.08333,0,31,70,castaneum_chaos,NA
A,26,315,7.08333,0,31,70,castaneum_chaos,NA
A,20,304,7.08333,0,31,70,castaneum_chaos,NA
A,18,300,7.08333,0,31,70,castaneum_chaos,NA
A,54,273,7.08333,0,31,70,castaneum_chaos,NA
A,18,253,7.08333,0,31,70,castaneum_chaos,NA
A,7,88,7.08333,0,31,70,castaneum_chaos,NA
A,72,341,7.08333,0,31,70,castaneum_chaos,NA
A,70,247,7.08333,0,31,70,castaneum_chaos,NA
A,20,256,7.08333,0,31,70,castaneum_chaos,NA
A,52,27,7.08333,1,31,70,castaneum_chaos,NA
A,42,250,7.08333,0,31,70,castaneum_chaos,NA
A,11,287,7.08333,0,31,70,castaneum_chaos,NA
A,30,297,7.08333,0,31,70,castaneum_chaos,NA
A,24,286,7.08333,0,31,70,castaneum_chaos,NA
A,7,213,7.08333,0,31,70,castaneum_chaos,NA
A,5,158,7.08333,0,31,70,castaneum_chaos,NA
A,82,266,7.08333,0,31,70,castaneum_chaos,NA
A,54,283,7.08333,0,31,70,castaneum_chaos,NA
A,32,113,7.08333,1,31,70,castaneum_chaos,NA
A,14,303,7.08333,0,31,70,castaneum_chaos,NA
A,46,295,7.08333,0,31,70,castaneum_chaos,NA
A,68,280,7.08333,0,31,70,castaneum_chaos,NA
A,60,271,7.08333,0,31,70,castaneum_chaos,NA
A,50,244,7.08333,0,31,70,castaneum_chaos,NA
A,58,310,7.08333,0,31,70,castaneum_chaos,NA
A,36,315,7.08333,0,31,70,castaneum_chaos,NA
A,28,281,7.08333,0,31,70,castaneum_chaos,NA
A,46,175,7.08333,0,31,70,castaneum_chaos,NA
A,78,280,7.08333,0,31,70,castaneum_chaos,NA
A,36,294,7.08333,0,31,70,castaneum_chaos,NA
A,42,290,7.08333,0,31,70,castaneum_chaos,NA
A,48,312,7.08333,0,31,70,castaneum_chaos,NA
A,40,324,7.08333,0,31,70,castaneum_chaos,NA
A,40,286,7.08333,0,31,70,castaneum_chaos,NA
A,8,263,7.08333,0,31,70,castaneum_chaos,NA
A,52,352,7.08333,0,31,70,castaneum_chaos,NA
A,32,317,7.08333,0,31,70,castaneum_chaos,NA
A,62,237,7.08333,0,31,70,castaneum_chaos,NA
A,36,281,7.08333,0,31,70,castaneum_chaos,NA
A,13,273,7.08333,0,31,70,castaneum_chaos,NA
A,62,41,7.08333,1,31,70,castaneum_chaos,NA
A,30,316,7.08333,0,31,70,castaneum_chaos,NA
A,46,324,7.08333,0,31,70,castaneum_chaos,NA
A,34,71,7.08333,0,31,70,castaneum_chaos,NA
A,24,366,7.08333,0,31,70,castaneum_chaos,NA
A,46,331,7.08333,0,31,70,castaneum_chaos,NA
A,60,345,7.08333,0,31,70,castaneum_chaos,NA
A,42,343,7.08333,0,31,70,castaneum_chaos,NA
A,34,319,7.08333,0,31,70,castaneum_chaos,NA
A,86,195,7.08333,0,31,70,castaneum_chaos,NA
A,11,310,7.08333,0,31,70,castaneum_chaos,NA
A,14,355,7.08333,0,31,70,castaneum_chaos,NA
A,6,205,7.08333,0,31,70,castaneum_chaos,NA
A,15,329,7.08333,0,31,70,castaneum_chaos,NA
A,14,299,7.08333,0,31,70,castaneum_chaos,NA
A,7,224,7.08333,0,31,70,castaneum_chaos,NA
A,28,329,7.08333,0,31,70,castaneum_chaos,NA
A,64,343,7.08333,0,31,70,castaneum_chaos,NA
A,44,324,7.08333,0,31,70,castaneum_chaos,NA
A,20,370,7.08333,0,31,70,castaneum_chaos,NA
A,13,336,7.08333,0,31,70,castaneum_chaos,NA
A,56,386,7.08333,0,31,70,castaneum_chaos,NA
A,15,354,7.08333,0,31,70,castaneum_chaos,NA
A,78,257,7.08333,1,31,70,castaneum_chaos,NA
A,13,320,7.08333,0,31,70,castaneum_chaos,NA
A,4,169,7.08333,0,31,70,castaneum_chaos,NA
A,28,310,7.08333,0,31,70,castaneum_chaos,NA
A,48,315,7.08333,0,31,70,castaneum_chaos,NA
A,62,328,7.08333,0,31,70,castaneum_chaos,NA
A,62,304,7.08333,0,31,70,castaneum_chaos,NA
A,20,303,7.08333,0,31,70,castaneum_chaos,NA
A,70,48,7.08333,1,31,70,castaneum_chaos,NA
A,6,228,7.08333,0,31,70,castaneum_chaos,NA
A,84,386,7.08333,0,31,70,castaneum_chaos,NA
A,48,311,7.08333,0,31,70,castaneum_chaos,NA
A,82,333,7.08333,0,31,70,castaneum_chaos,NA
A,72,413,7.08333,0,31,70,castaneum_chaos,NA
A,24,294,7.08333,0,31,70,castaneum_chaos,NA
A,16,347,7.08333,0,31,70,castaneum_chaos,NA
A,86,324,7.08333,0,31,70,castaneum_chaos,NA
A,20,308,7.08333,0,31,70,castaneum_chaos,NA
A,34,351,7.08333,0,31,70,castaneum_chaos,NA
A,66,302,7.08333,0,31,70,castaneum_chaos,NA
A,30,330,7.08333,0,31,70,castaneum_chaos,NA
A,32,419,7.08333,1,31,70,castaneum_chaos,NA
A,38,360,7.08333,0,31,70,castaneum_chaos,NA
A,86,341,7.08333,0,31,70,castaneum_chaos,NA
A,58,334,7.08333,1,31,70,castaneum_chaos,NA
A,6,293,7.08333,0,31,70,castaneum_chaos,NA
A,68,356,7.08333,0,31,70,castaneum_chaos,NA
A,80,356,7.08333,0,31,70,castaneum_chaos,NA
A,12,319,7.08333,0,31,70,castaneum_chaos,NA
A,9,228,7.08333,0,31,70,castaneum_chaos,NA
A,18,217,7.08333,0,31,70,castaneum_chaos,NA
A,46,269,7.08333,0,31,70,castaneum_chaos,NA
A,12,297,7.08333,0,31,70,castaneum_chaos,NA
A,9,137,7.08333,0,31,70,castaneum_chaos,NA
A,54,231,7.08333,0,31,70,castaneum_chaos,NA
A,19,311,7.08333,0,31,70,castaneum_chaos,NA
A,84,281,7.08333,0,31,70,castaneum_chaos,NA
A,30,281,7.08333,0,31,70,castaneum_chaos,NA
A,42,321,7.08333,0,31,70,castaneum_chaos,NA
A,16,297,7.08333,0,31,70,castaneum_chaos,NA
A,42,303,7.08333,0,31,70,castaneum_chaos,NA
A,80,329,7.08333,0,31,70,castaneum_chaos,NA
A,24,335,7.08333,0,31,70,castaneum_chaos,NA
A,60,281,7.08333,0,31,70,castaneum_chaos,NA
A,42,285,7.08333,0,31,70,castaneum_chaos,NA
A,16,275,7.08333,0,31,70,castaneum_chaos,NA
A,68,226,7.08333,0,31,70,castaneum_chaos,NA
A,10,257,7.08333,0,31,70,castaneum_chaos,NA
A,7,231,7.08333,0,31,70,castaneum_chaos,NA
A,32,306,7.08333,0,31,70,castaneum_chaos,NA
A,44,304,7.08333,0,31,70,castaneum_chaos,NA
A,62,291,7.08333,0,31,70,castaneum_chaos,NA
A,17,250,7.08333,0,31,70,castaneum_chaos,NA
A,19,260,7.08333,0,31,70,castaneum_chaos,NA
A,54,257,7.08333,0,31,70,castaneum_chaos,NA
A,74,280,7.08333,0,31,70,castaneum_chaos,NA
A,58,263,7.08333,0,31,70,castaneum_chaos,NA
A,20,360,7.08333,0,31,70,castaneum_chaos,NA
A,7,291,7.08333,0,31,70,castaneum_chaos,NA
A,24,328,7.08333,0,31,70,castaneum_chaos,NA
A,42,331,7.08333,0,31,70,castaneum_chaos,NA
A,9,286,7.08333,0,31,70,castaneum_chaos,NA
A,72,270,7.08333,0,31,70,castaneum_chaos,NA
A,68,331,7.08333,0,31,70,castaneum_chaos,NA
A,6,108,7.08333,0,31,70,castaneum_chaos,NA
A,72,298,7.08333,0,31,70,castaneum_chaos,NA
A,52,314,7.08333,0,31,70,castaneum_chaos,NA
A,68,276,7.08333,0,31,70,castaneum_chaos,NA
A,19,325,7.08333,0,31,70,castaneum_chaos,NA
A,6,99,7.08333,0,31,70,castaneum_chaos,NA
A,86,109,7.08333,1,31,70,castaneum_chaos,NA
A,74,282,7.08333,0,31,70,castaneum_chaos,NA
A,84,299,7.08333,0,31,70,castaneum_chaos,NA
A,78,258,7.08333,0,31,70,castaneum_chaos,NA
A,36,303,7.08333,0,31,70,castaneum_chaos,NA
A,13,302,7.08333,0,31,70,castaneum_chaos,NA
A,26,276,7.08333,0,31,70,castaneum_chaos,NA
A,32,309,7.08333,0,31,70,castaneum_chaos,NA
A,62,292,7.08333,0,31,70,castaneum_chaos,NA
A,17,306,7.08333,0,31,70,castaneum_chaos,NA
A,16,314,7.08333,0,31,70,castaneum_chaos,NA
A,36,361,7.08333,0,31,70,castaneum_chaos,NA
A,82,293,7.08333,0,31,70,castaneum_chaos,NA
A,13,280,7.08333,0,31,70,castaneum_chaos,NA
A,52,299,7.08333,0,31,70,castaneum_chaos,NA
A,20,262,7.08333,0,31,70,castaneum_chaos,NA
A,50,298,7.08333,0,31,70,castaneum_chaos,NA
A,56,344,7.08333,0,31,70,castaneum_chaos,NA
A,86,151,7.08333,1,31,70,castaneum_chaos,NA
A,72,300,7.08333,0,31,70,castaneum_chaos,NA
A,80,271,7.08333,0,31,70,castaneum_chaos,NA
A,4,101,7.08333,0,31,70,castaneum_chaos,NA
A,66,317,7.08333,0,31,70,castaneum_chaos,NA
A,8,203,7.08333,0,31,70,castaneum_chaos,NA
A,42,287,7.08333,0,31,70,castaneum_chaos,NA
A,42,300,7.08333,0,31,70,castaneum_chaos,NA
A,48,290,7.08333,0,31,70,castaneum_chaos,NA
A,15,229,7.08333,0,31,70,castaneum_chaos,NA
A,52,312,7.08333,0,31,70,castaneum_chaos,NA
A,78,388,7.08333,0,31,70,castaneum_chaos,NA
A,52,262,7.08333,0,31,70,castaneum_chaos,NA
A,9,325,7.08333,0,31,70,castaneum_chaos,NA
A,52,324,7.08333,0,31,70,castaneum_chaos,NA
A,42,381,7.08333,0,31,70,castaneum_chaos,NA
A,70,284,7.08333,0,31,70,castaneum_chaos,NA
A,62,233,7.08333,0,31,70,castaneum_chaos,NA
A,5,109,7.08333,0,31,70,castaneum_chaos,NA
A,34,284,7.08333,0,31,70,castaneum_chaos,NA
A,68,297,7.08333,0,31,70,castaneum_chaos,NA
A,11,316,7.08333,0,31,70,castaneum_chaos,NA
A,32,380,7.08333,0,31,70,castaneum_chaos,NA
A,4,200,7.08333,0,31,70,castaneum_chaos,NA
A,50,251,7.08333,0,31,70,castaneum_chaos,NA
A,78,316,7.08333,0,31,70,castaneum_chaos,NA
A,84,339,7.08333,0,31,70,castaneum_chaos,NA
A,4,182,7.08333,0,31,70,castaneum_chaos,NA
A,44,304,7.08333,0,31,70,castaneum_chaos,NA
A,6,224,7.08333,0,31,70,castaneum_chaos,NA
A,16,282,7.08333,0,31,70,castaneum_chaos,NA
A,58,298,7.08333,0,31,70,castaneum_chaos,NA
A,15,329,7.08333,0,31,70,castaneum_chaos,NA
A,76,297,7.08333,0,31,70,castaneum_chaos,NA
A,32,321,7.08333,0,31,70,castaneum_chaos,NA
A,30,319,7.08333,0,31,70,castaneum_chaos,NA
A,17,276,7.08333,0,31,70,castaneum_chaos,NA
A,74,295,7.08333,0,31,70,castaneum_chaos,NA
A,66,318,7.08333,0,31,70,castaneum_chaos,NA
A,60,322,7.08333,0,31,70,castaneum_chaos,NA
A,50,291,7.08333,0,31,70,castaneum_chaos,NA
A,28,274,7.08333,0,31,70,castaneum_chaos,NA
A,19,318,7.08333,0,31,70,castaneum_chaos,NA
A,26,274,7.08333,0,31,70,castaneum_chaos,NA
A,76,331,7.08333,0,31,70,castaneum_chaos,NA
A,40,8,7.08333,1,31,70,castaneum_chaos,NA
A,17,307,7.08333,0,31,70,castaneum_chaos,NA
A,74,307,7.08333,0,31,70,castaneum_chaos,NA
A,18,278,7.08333,0,31,70,castaneum_chaos,NA
A,19,279,7.08333,0,31,70,castaneum_chaos,NA
A,56,246,7.08333,0,31,70,castaneum_chaos,NA
A,28,277,7.08333,0,31,70,castaneum_chaos,NA
A,86,317,7.08333,0,31,70,castaneum_chaos,NA
A,46,268,7.08333,0,31,70,castaneum_chaos,NA
A,13,311,7.08333,0,31,70,castaneum_chaos,NA
A,5,145,7.08333,0,31,70,castaneum_chaos,NA
A,8,239,7.08333,0,31,70,castaneum_chaos,NA
A,22,305,7.08333,0,31,70,castaneum_chaos,NA
A,74,273,7.08333,0,31,70,castaneum_chaos,NA
A,13,254,7.08333,0,31,70,castaneum_chaos,NA
A,66,296,7.08333,0,31,70,castaneum_chaos,NA
A,6,158,7.08333,0,31,70,castaneum_chaos,NA
A,48,39,7.08333,1,31,70,castaneum_chaos,NA
A,24,298,7.08333,0,31,70,castaneum_chaos,NA
A,74,288,7.08333,0,31,70,castaneum_chaos,NA
A,11,227,7.08333,0,31,70,castaneum_chaos,NA
A,80,285,7.08333,0,31,70,castaneum_chaos,NA
A,34,266,7.08333,0,31,70,castaneum_chaos,NA
A,8,259,7.08333,0,31,70,castaneum_chaos,NA
A,9,316,7.08333,0,31,70,castaneum_chaos,NA
A,5,153,7.08333,0,31,70,castaneum_chaos,NA
A,6,242,7.08333,0,31,70,castaneum_chaos,NA
A,72,315,7.08333,0,31,70,castaneum_chaos,NA
A,10,257,7.08333,0,31,70,castaneum_chaos,NA
A,50,277,7.08333,0,31,70,castaneum_chaos,NA
A,32,318,7.08333,0,31,70,castaneum_chaos,NA
A,42,248,7.08333,0,31,70,castaneum_chaos,NA
A,58,315,7.08333,0,31,70,castaneum_chaos,NA
A,46,311,7.08333,0,31,70,castaneum_chaos,NA
A,26,255,7.08333,0,31,70,castaneum_chaos,NA
A,7,182,7.08333,0,31,70,castaneum_chaos,NA
A,50,332,7.08333,0,31,70,castaneum_chaos,NA
A,60,266,7.08333,0,31,70,castaneum_chaos,NA
A,68,301,7.08333,0,31,70,castaneum_chaos,NA
A,64,322,7.08333,0,31,70,castaneum_chaos,NA
A,4,1,7.08333,0,31,70,castaneum_chaos,NA
A,14,331,7.08333,0,31,70,castaneum_chaos,NA
A,62,392,7.08333,0,31,70,castaneum_chaos,NA
A,66,435,7.08333,0,31,70,castaneum_chaos,NA
A,64,354,7.08333,0,31,70,castaneum_chaos,NA
A,46,329,7.08333,0,31,70,castaneum_chaos,NA
A,28,367,7.08333,0,31,70,castaneum_chaos,NA
A,5,230,7.08333,0,31,70,castaneum_chaos,NA
A,36,339,7.08333,0,31,70,castaneum_chaos,NA
A,74,396,7.08333,0,31,70,castaneum_chaos,NA
A,30,307,7.08333,0,31,70,castaneum_chaos,NA
A,28,361,7.08333,0,31,70,castaneum_chaos,NA
A,72,360,7.08333,0,31,70,castaneum_chaos,NA
A,8,174,7.08333,0,31,70,castaneum_chaos,NA
A,11,244,7.08333,0,31,70,castaneum_chaos,NA
A,66,272,7.08333,0,31,70,castaneum_chaos,NA
A,6,194,7.08333,0,31,70,castaneum_chaos,NA
A,18,339,7.08333,0,31,70,castaneum_chaos,NA
A,76,268,7.08333,0,31,70,castaneum_chaos,NA
A,38,303,7.08333,0,31,70,castaneum_chaos,NA
A,38,338,7.08333,0,31,70,castaneum_chaos,NA
A,54,298,7.08333,0,31,70,castaneum_chaos,NA
A,52,56,7.08333,1,31,70,castaneum_chaos,NA
A,76,247,7.08333,0,31,70,castaneum_chaos,NA
A,14,304,7.08333,0,31,70,castaneum_chaos,NA
A,46,274,7.08333,0,31,70,castaneum_chaos,NA
A,38,246,7.08333,0,31,70,castaneum_chaos,NA
A,76,296,7.08333,0,31,70,castaneum_chaos,NA
A,46,38,7.08333,1,31,70,castaneum_chaos,NA
A,44,278,7.08333,0,31,70,castaneum_chaos,NA
A,36,296,7.08333,0,31,70,castaneum_chaos,NA
A,11,291,7.08333,0,31,70,castaneum_chaos,NA
A,64,315,7.08333,0,31,70,castaneum_chaos,NA
A,18,241,7.08333,0,31,70,castaneum_chaos,NA
A,8,286,7.08333,0,31,70,castaneum_chaos,NA
A,4,98,7.08333,0,31,70,castaneum_chaos,NA
A,32,289,7.08333,0,31,70,castaneum_chaos,NA
A,26,274,7.08333,0,31,70,castaneum_chaos,NA
A,62,10,7.08333,1,31,70,castaneum_chaos,NA
A,58,253,7.08333,0,31,70,castaneum_chaos,NA
A,36,270,7.08333,0,31,70,castaneum_chaos,NA
A,34,275,7.08333,0,31,70,castaneum_chaos,NA
A,56,236,7.08333,0,31,70,castaneum_chaos,NA
A,76,315,7.08333,0,31,70,castaneum_chaos,NA
A,68,306,7.08333,0,31,70,castaneum_chaos,NA
A,64,342,7.08333,0,31,70,castaneum_chaos,NA
A,56,277,7.08333,0,31,70,castaneum_chaos,NA
A,17,236,7.08333,0,31,70,castaneum_chaos,NA
A,11,165,7.08333,0,31,70,castaneum_chaos,NA
A,78,82,7.08333,1,31,70,castaneum_chaos,NA
A,22,309,7.08333,0,31,70,castaneum_chaos,NA
A,70,342,7.08333,0,31,70,castaneum_chaos,NA
A,54,279,7.08333,0,31,70,castaneum_chaos,NA
A,32,326,7.08333,0,31,70,castaneum_chaos,NA
A,11,258,7.08333,0,31,70,castaneum_chaos,NA
A,32,295,7.08333,0,31,70,castaneum_chaos,NA
A,80,328,7.08333,0,31,70,castaneum_chaos,NA
A,50,330,7.08333,0,31,70,castaneum_chaos,NA
A,12,336,7.08333,0,31,70,castaneum_chaos,NA
A,26,333,7.08333,0,31,70,castaneum_chaos,NA
A,16,271,7.08333,0,31,70,castaneum_chaos,NA
A,48,293,7.08333,0,31,70,castaneum_chaos,NA
A,44,298,7.08333,0,31,70,castaneum_chaos,NA
A,74,262,7.08333,0,31,70,castaneum_chaos,NA
A,84,33,7.08333,1,31,70,castaneum_chaos,NA
A,48,304,7.08333,0,31,70,castaneum_chaos,NA
A,76,4,7.08333,1,31,70,castaneum_chaos,NA
A,10,270,7.08333,0,31,70,castaneum_chaos,NA
A,7,197,7.08333,0,31,70,castaneum_chaos,NA
A,10,331,7.08333,0,31,70,castaneum_chaos,NA
A,70,351,7.08333,0,31,70,castaneum_chaos,NA
A,86,286,7.08333,0,31,70,castaneum_chaos,NA
A,68,297,7.08333,0,31,70,castaneum_chaos,NA
A,28,270,7.08333,0,31,70,castaneum_chaos,NA
A,5,224,7.08333,0,31,70,castaneum_chaos,NA
A,10,275,7.08333,0,31,70,castaneum_chaos,NA
A,40,290,7.08333,0,31,70,castaneum_chaos,NA
A,72,312,7.08333,0,31,70,castaneum_chaos,NA
A,62,311,7.08333,0,31,70,castaneum_chaos,NA
A,24,309,7.08333,0,31,70,castaneum_chaos,NA
A,18,302,7.08333,0,31,70,castaneum_chaos,NA
A,54,339,7.08333,0,31,70,castaneum_chaos,NA
A,82,350,7.08333,0,31,70,castaneum_chaos,NA
A,18,290,7.08333,0,31,70,castaneum_chaos,NA
A,18,315,7.08333,0,31,70,castaneum_chaos,NA
A,4,146,7.08333,0,31,70,castaneum_chaos,NA
A,84,353,7.08333,0,31,70,castaneum_chaos,NA
A,66,252,7.08333,0,31,70,castaneum_chaos,NA
A,12,296,7.08333,0,31,70,castaneum_chaos,NA
A,52,376,7.08333,0,31,70,castaneum_chaos,NA
A,18,324,7.08333,0,31,70,castaneum_chaos,NA
A,22,295,7.08333,0,31,70,castaneum_chaos,NA
A,80,389,7.08333,0,31,70,castaneum_chaos,NA
A,34,315,7.08333,0,31,70,castaneum_chaos,NA
A,10,147,7.08333,0,31,70,castaneum_chaos,NA
A,48,359,7.08333,0,31,70,castaneum_chaos,NA
A,36,294,7.08333,0,31,70,castaneum_chaos,NA
A,80,368,7.08333,0,31,70,castaneum_chaos,NA
A,84,395,7.08333,0,31,70,castaneum_chaos,NA
A,32,383,7.08333,0,31,70,castaneum_chaos,NA
A,13,251,7.08333,0,31,70,castaneum_chaos,NA
A,74,338,7.08333,0,31,70,castaneum_chaos,NA
A,64,349,7.08333,0,31,70,castaneum_chaos,NA
A,13,319,7.08333,0,31,70,castaneum_chaos,NA
A,66,437,7.08333,0,31,70,castaneum_chaos,NA
A,70,354,7.08333,0,31,70,castaneum_chaos,NA
A,76,320,7.08333,0,31,70,castaneum_chaos,NA
A,38,337,7.08333,0,31,70,castaneum_chaos,NA
A,40,300,7.08333,0,31,70,castaneum_chaos,NA
A,22,291,7.08333,0,31,70,castaneum_chaos,NA
A,15,281,7.08333,0,31,70,castaneum_chaos,NA
A,13,315,7.08333,0,31,70,castaneum_chaos,NA
A,19,246,7.08333,0,31,70,castaneum_chaos,NA
A,44,319,7.08333,0,31,70,castaneum_chaos,NA
A,48,368,7.08333,0,31,70,castaneum_chaos,NA
A,6,0,7.08333,0,31,70,castaneum_chaos,NA
A,18,376,7.08333,0,31,70,castaneum_chaos,NA
A,80,332,7.08333,0,31,70,castaneum_chaos,NA
A,56,377,7.08333,0,31,70,castaneum_chaos,NA
A,38,337,7.08333,0,31,70,castaneum_chaos,NA
A,14,218,7.08333,0,31,70,castaneum_chaos,NA
A,9,160,7.08333,0,31,70,castaneum_chaos,NA
A,64,364,7.08333,0,31,70,castaneum_chaos,NA
A,84,353,7.08333,0,31,70,castaneum_chaos,NA
A,26,372,7.08333,0,31,70,castaneum_chaos,NA
A,52,374,7.08333,0,31,70,castaneum_chaos,NA
A,28,343,7.08333,0,31,70,castaneum_chaos,NA
A,26,369,7.08333,0,31,70,castaneum_chaos,NA
A,36,305,7.08333,0,31,70,castaneum_chaos,NA
A,82,466,7.08333,1,31,70,castaneum_chaos,NA
A,8,206,7.08333,0,31,70,castaneum_chaos,NA
A,9,299,7.08333,0,31,70,castaneum_chaos,NA
A,24,343,7.08333,0,31,70,castaneum_chaos,NA
A,70,348,7.08333,0,31,70,castaneum_chaos,NA
A,60,366,7.08333,0,31,70,castaneum_chaos,NA
A,80,352,7.08333,0,31,70,castaneum_chaos,NA
A,24,357,7.08333,0,31,70,castaneum_chaos,NA
A,11,351,7.08333,0,31,70,castaneum_chaos,NA
A,28,347,7.08333,0,31,70,castaneum_chaos,NA
A,16,352,7.08333,0,31,70,castaneum_chaos,NA
A,8,269,7.08333,0,31,70,castaneum_chaos,NA
A,66,335,7.08333,0,31,70,castaneum_chaos,NA
A,22,294,7.08333,0,31,70,castaneum_chaos,NA
A,60,368,7.08333,0,31,70,castaneum_chaos,NA
A,74,348,7.08333,0,31,70,castaneum_chaos,NA
A,14,280,7.08333,0,31,70,castaneum_chaos,NA
A,38,351,7.08333,0,31,70,castaneum_chaos,NA
A,40,375,7.08333,0,31,70,castaneum_chaos,NA
A,10,221,7.08333,0,31,70,castaneum_chaos,NA
A,78,398,7.08333,0,31,70,castaneum_chaos,NA
A,10,337,7.08333,0,31,70,castaneum_chaos,NA
A,10,139,7.08333,0,31,70,castaneum_chaos,NA
A,42,403,7.08333,0,31,70,castaneum_chaos,NA
A,26,317,7.08333,0,31,70,castaneum_chaos,NA
A,9,277,7.08333,0,31,70,castaneum_chaos,NA
A,50,4,7,NA,31,55,corridor,NA
A,4,0,7,NA,31,55,corridor,NA
A,50,77,7,NA,31,55,corridor,NA
A,77,0,7,NA,31,55,corridor,NA
A,47,0,7,NA,31,55,corridor,NA
A,3,180,7,NA,31,55,corridor,NA
A,9,328,7,NA,31,55,corridor,NA
A,171,0,7,NA,31,55,corridor,NA
A,312,0,7,NA,31,55,corridor,NA
A,16,494,7,NA,31,55,corridor,NA
A,25,864,7,NA,31,55,corridor,NA
A,469,250,7,NA,31,55,corridor,NA
A,833,329,7,NA,31,55,corridor,NA
A,281,4,7,NA,31,55,corridor,NA
A,313,232,7,NA,31,55,corridor,NA
A,20,810,7,NA,31,55,corridor,NA
A,260,679,7,NA,31,55,corridor,NA
A,782,184,7,NA,31,55,corridor,NA
A,654,0,7,NA,31,55,corridor,NA
A,209,0,7,NA,31,55,corridor,NA
A,47,22,7,NA,31,55,corridor,NA
A,3,141,7,NA,31,55,corridor,NA
A,28,768,7,NA,31,55,corridor,NA
A,135,0,7,NA,31,55,corridor,NA
A,730,641,7,NA,31,55,corridor,NA
A,38,912,7,NA,31,55,corridor,NA
A,655,480,7,NA,31,55,corridor,NA
A,898,408,7,NA,31,55,corridor,NA
A,476,108,7,NA,31,55,corridor,NA
A,412,158,7,NA,31,55,corridor,NA
A,111,0,7,NA,31,55,corridor,NA
A,155,0,7,NA,31,55,corridor,NA
A,45,356,7,NA,31,55,corridor,NA
A,5,274,7,NA,31,55,corridor,NA
A,347,0,7,NA,31,55,corridor,NA
A,283,0,7,NA,31,55,corridor,NA
A,45,6,7,NA,31,55,corridor,NA
A,5,180,7,NA,31,55,corridor,NA
A,23,720,7,NA,31,55,corridor,NA
A,163,0,7,NA,31,55,corridor,NA
A,648,269,7,NA,31,55,corridor,NA
A,72,380,7,NA,31,55,corridor,NA
A,280,10,7,NA,31,55,corridor,NA
A,369,4,7,NA,31,55,corridor,NA
A,9,287,7,NA,31,55,corridor,NA
A,5,158,7,NA,31,55,corridor,NA
A,274,33,7,NA,31,55,corridor,NA
A,171,0,7,NA,31,55,corridor,NA
A,30,787,7,NA,31,55,corridor,NA
A,3,0,7,NA,31,55,corridor,NA
A,708,3,7,NA,31,55,corridor,NA
A,79,0,7,NA,31,55,corridor,NA
A,3,107,7,NA,31,55,corridor,NA
A,0,0,7,NA,31,55,corridor,NA
A,96,0,7,NA,31,55,corridor,NA
A,11,528,7,NA,31,55,corridor,NA
A,53,950,7,NA,31,55,corridor,NA
A,475,900,7,NA,31,55,corridor,NA
A,945,585,7,NA,31,55,corridor,NA
A,905,286,7,NA,31,55,corridor,NA
A,556,405,7,NA,31,55,corridor,NA
A,315,238,7,NA,31,55,corridor,NA
A,37,573,7,NA,31,55,corridor,NA
A,13,512,7,NA,31,55,corridor,NA
A,558,178,7,NA,31,55,corridor,NA
A,527,720,7,NA,31,55,corridor,NA
A,314,0,7,NA,31,55,corridor,NA
A,584,624,7,NA,31,55,corridor,NA
A,156,1,7,NA,31,55,corridor,NA
A,468,80,7,NA,31,55,corridor,NA
A,21,585,7,NA,31,55,corridor,NA
A,60,0,7,NA,31,55,corridor,NA
A,439,349,7,NA,31,55,corridor,NA
A,146,0,7,NA,31,55,corridor,NA
A,262,0,7,NA,31,55,corridor,NA
A,87,0,7,NA,31,55,corridor,NA
A,37,713,7,NA,31,55,corridor,NA
A,13,600,7,NA,31,55,corridor,NA
A,685,648,7,NA,31,55,corridor,NA
A,628,452,7,NA,31,55,corridor,NA
A,599,528,7,NA,31,55,corridor,NA
A,501,593,7,NA,31,55,corridor,NA
A,544,291,7,NA,31,55,corridor,NA
A,577,131,7,NA,31,55,corridor,NA
A,251,0,7,NA,31,55,corridor,NA
A,171,0,7,NA,31,55,corridor,NA
A,50,0,7,NA,31,55,corridor,NA
A,50,0,7,NA,31,55,corridor,NA
A,47,956,7,NA,31,55,corridor,NA
A,3,85,7,NA,31,55,corridor,NA
A,912,0,7,NA,31,55,corridor,NA
A,129,0,7,NA,31,55,corridor,NA
A,47,0,7,NA,31,55,corridor,NA
A,3,109,7,NA,31,55,corridor,NA
A,5,70,7,NA,31,55,corridor,NA
A,104,0,7,NA,31,55,corridor,NA
A,66,0,7,NA,31,55,corridor,NA
A,4,257,7,NA,31,55,corridor,NA
A,13,346,7,NA,31,55,corridor,NA
A,244,0,7,NA,31,55,corridor,NA
A,329,52,7,NA,31,55,corridor,NA
A,17,576,7,NA,31,55,corridor,NA
A,78,0,7,NA,31,55,corridor,NA
A,550,18,7,NA,31,55,corridor,NA
A,1,72,7,NA,31,55,corridor,NA
A,17,562,7,NA,31,55,corridor,NA
A,96,0,7,NA,31,55,corridor,NA
A,538,0,7,NA,31,55,corridor,NA
A,45,880,7,NA,31,55,corridor,NA
A,5,169,7,NA,31,55,corridor,NA
A,809,0,7,NA,31,55,corridor,NA
A,240,0,7,NA,31,55,corridor,NA
A,45,798,7,NA,31,55,corridor,NA
A,5,302,7,NA,31,55,corridor,NA
A,748,0,7,NA,31,55,corridor,NA
A,352,0,7,NA,31,55,corridor,NA
A,37,713,7,NA,31,55,corridor,NA
A,13,634,7,NA,31,55,corridor,NA
A,693,0,7,NA,31,55,corridor,NA
A,654,0,7,NA,31,55,corridor,NA
A,37,851,7,NA,31,55,corridor,NA
A,13,564,7,NA,31,55,corridor,NA
A,769,0,7,NA,31,55,corridor,NA
A,646,0,7,NA,31,55,corridor,NA
A,50,0,7,NA,31,55,corridor,NA
A,47,107,7,NA,31,55,corridor,NA
A,3,360,7,NA,31,55,corridor,NA
A,120,0,7,NA,31,55,corridor,NA
A,347,0,7,NA,31,55,corridor,NA
A,45,83,7,NA,31,55,corridor,NA
A,5,780,7,NA,31,55,corridor,NA
A,153,0,7,NA,31,55,corridor,NA
A,710,211,7,NA,31,55,corridor,NA
A,21,960,7,NA,31,55,corridor,NA
A,190,0,7,NA,31,55,corridor,NA
A,864,36,7,NA,31,55,corridor,NA
A,96,13,7,NA,31,55,corridor,NA
A,33,751,7,NA,31,55,corridor,NA
A,16,497,7,NA,31,55,corridor,NA
A,726,343,7,NA,31,55,corridor,NA
A,522,0,7,NA,31,55,corridor,NA
A,309,0,7,NA,31,55,corridor,NA
A,34,0,7,NA,31,55,corridor,NA
A,37,705,7,NA,31,55,corridor,NA
A,13,221,7,NA,31,55,corridor,NA
A,584,0,7,NA,31,55,corridor,NA
A,342,0,7,NA,31,55,corridor,NA
A,50,0,7,NA,31,55,corridor,NA
A,50,0,7,NA,31,55,corridor,NA
A,3,131,7,NA,31,55,corridor,NA
A,47,3,7,NA,31,55,corridor,NA
A,124,0,7,NA,31,55,corridor,NA
A,10,450,7,NA,31,55,corridor,NA
A,22,787,7,NA,31,55,corridor,NA
A,428,517,7,NA,31,55,corridor,NA
A,774,0,7,NA,31,55,corridor,NA
A,530,641,7,NA,31,55,corridor,NA
A,32,1006,7,NA,31,55,corridor,NA
A,609,7,7,NA,31,55,corridor,NA
A,956,0,7,NA,31,55,corridor,NA
A,57,0,7,NA,31,55,corridor,NA
A,3,652,7,NA,31,55,corridor,NA
A,47,100,7,NA,31,55,corridor,NA
A,624,364,7,NA,31,55,corridor,NA
A,128,0,7,NA,31,55,corridor,NA
A,346,457,7,NA,31,55,corridor,NA
A,18,697,7,NA,31,55,corridor,NA
A,469,0,7,NA,31,55,corridor,NA
A,685,0,7,NA,31,55,corridor,NA
A,5,215,7,NA,31,55,corridor,NA
A,45,221,7,NA,31,55,corridor,NA
A,216,7,7,NA,31,55,corridor,NA
A,220,1,7,NA,31,55,corridor,NA
A,6,317,7,NA,31,55,corridor,NA
A,2,168,7,NA,31,55,corridor,NA
A,302,0,7,NA,31,55,corridor,NA
A,183,0,7,NA,31,55,corridor,NA
A,5,235,7,NA,31,55,corridor,NA
A,45,124,7,NA,31,55,corridor,NA
A,224,17,7,NA,31,55,corridor,NA
A,135,4,7,NA,31,55,corridor,NA
A,15,430,7,NA,31,55,corridor,NA
A,6,308,7,NA,31,55,corridor,NA
A,418,0,7,NA,31,55,corridor,NA
A,320,0,7,NA,31,55,corridor,NA
A,13,356,7,NA,31,55,corridor,NA
A,37,720,7,NA,31,55,corridor,NA
A,447,0,7,NA,31,55,corridor,NA
A,629,0,7,NA,31,55,corridor,NA
A,13,267,7,NA,31,55,corridor,NA
A,37,585,7,NA,31,55,corridor,NA
A,346,490,7,NA,31,55,corridor,NA
A,506,23,7,NA,31,55,corridor,NA
A,374,517,7,NA,31,55,corridor,NA
A,139,0,7,NA,31,55,corridor,NA
A,388,0,7,NA,31,55,corridor,NA
A,129,0,7,NA,31,55,corridor,NA
A,25,514,7,NA,31,55,corridor,NA
A,25,607,7,NA,31,55,corridor,NA
A,560,0,7,NA,31,55,corridor,NA
A,561,0,7,NA,31,55,corridor,NA
A,25,667,7,NA,31,55,corridor,NA
A,25,696,7,NA,31,55,corridor,NA
A,682,104,7,NA,31,55,corridor,NA
A,681,0,7,NA,31,55,corridor,NA
A,52,0,7,NA,31,55,corridor,NA
A,52,0,7,NA,31,55,corridor,NA
A,6,140,7,NA,31,55,corridor,NA
A,6,290,7,NA,31,55,corridor,NA
A,22,696,7,NA,31,55,corridor,NA
A,22,672,7,NA,31,55,corridor,NA
A,400,0,7,NA,31,55,corridor,NA
A,400,0,7,NA,31,55,corridor,NA
A,232,0,7,NA,31,55,corridor,NA
A,666,0,7,NA,31,55,corridor,NA
A,628,864,7,NA,31,55,corridor,NA
A,472,0,7,NA,31,55,corridor,NA
A,3,75,7,NA,31,55,corridor,NA
A,3,145,7,NA,31,55,corridor,NA
A,3,148,7,NA,31,55,corridor,NA
A,3,0,7,NA,31,55,corridor,NA
A,5,281,7,NA,31,55,corridor,NA
A,5,139,7,NA,31,55,corridor,NA
A,5,137,7,NA,31,55,corridor,NA
A,5,89,7,NA,31,55,corridor,NA
A,13,401,7,NA,31,55,corridor,NA
A,13,340,7,NA,31,55,corridor,NA
A,13,290,7,NA,31,55,corridor,NA
A,13,409,7,NA,31,55,corridor,NA
A,171,0,7,NA,31,55,corridor,NA
A,522,405,7,NA,31,55,corridor,NA
A,447,10,7,NA,31,55,corridor,NA
A,561,341,7,NA,31,55,corridor,NA
A,945,145,7,NA,31,55,corridor,NA
A,905,87,7,NA,31,55,corridor,NA
A,139,0,7,NA,31,55,corridor,NA
A,93,5,7,NA,31,55,corridor,NA
A,10,452,7,NA,31,55,corridor,NA
A,10,450,7,NA,31,55,corridor,NA
A,10,306,7,NA,31,55,corridor,NA
A,10,547,7,NA,31,55,corridor,NA
A,10,407,7,NA,31,55,corridor,NA
A,10,470,7,NA,31,55,corridor,NA
A,10,496,7,NA,31,55,corridor,NA
A,10,475,7,NA,31,55,corridor,NA
A,25,840,7,NA,31,55,corridor,NA
A,25,767,7,NA,31,55,corridor,NA
A,25,741,7,NA,31,55,corridor,NA
A,25,788,7,NA,31,55,corridor,NA
A,25,742,7,NA,31,55,corridor,NA
A,25,715,7,NA,31,55,corridor,NA
A,25,699,7,NA,31,55,corridor,NA
A,25,0,7,NA,31,55,corridor,NA
A,50,836,7,NA,31,55,corridor,NA
A,50,666,7,NA,31,55,corridor,NA
A,50,713,7,NA,31,55,corridor,NA
A,50,712,7,NA,31,55,corridor,NA
A,50,815,7,NA,31,55,corridor,NA
A,50,572,7,NA,31,55,corridor,NA
A,50,813,7,NA,31,55,corridor,NA
A,50,457,7,NA,31,55,corridor,NA
A,100,653,7,NA,31,55,corridor,NA
A,100,0,7,NA,31,55,corridor,NA
A,100,0,7,NA,31,55,corridor,NA
A,100,654,7,NA,31,55,corridor,NA
A,100,0,7,NA,31,55,corridor,NA
A,100,0,7,NA,31,55,corridor,NA
A,100,0,7,NA,31,55,corridor,NA
A,100,0,7,NA,31,55,corridor,NA
A,500,666,7,NA,31,55,corridor,NA
A,500,129,7,NA,31,55,corridor,NA
A,500,505,7,NA,31,55,corridor,NA
A,500,765,7,NA,31,55,corridor,NA
A,500,527,7,NA,31,55,corridor,NA
A,500,596,7,NA,31,55,corridor,NA
A,500,685,7,NA,31,55,corridor,NA
A,500,405,7,NA,31,55,corridor,NA
A,10,452,7,NA,31,55,corridor_eggs,386
A,10,450,7,NA,31,55,corridor_eggs,409
A,10,306,7,NA,31,55,corridor_eggs,254
A,10,547,7,NA,31,55,corridor_eggs,NA
A,10,407,7,NA,31,55,corridor_eggs,NA
A,10,470,7,NA,31,55,corridor_eggs,152
A,10,496,7,NA,31,55,corridor_eggs,560
A,10,475,7,NA,31,55,corridor_eggs,NA
A,25,840,7,NA,31,55,corridor_eggs,880
A,25,767,7,NA,31,55,corridor_eggs,748
A,25,741,7,NA,31,55,corridor_eggs,1176
A,25,788,7,NA,31,55,corridor_eggs,NA
A,25,742,7,NA,31,55,corridor_eggs,NA
A,25,715,7,NA,31,55,corridor_eggs,936
A,25,699,7,NA,31,55,corridor_eggs,512
A,25,NA,7,NA,31,55,corridor_eggs,NA
A,50,836,7,NA,31,55,corridor_eggs,1515
A,50,666,7,NA,31,55,corridor_eggs,1004
A,50,713,7,NA,31,55,corridor_eggs,1280
A,50,712,7,NA,31,55,corridor_eggs,NA
A,50,815,7,NA,31,55,corridor_eggs,NA
A,50,572,7,NA,31,55,corridor_eggs,988
A,50,813,7,NA,31,55,corridor_eggs,856
A,50,457,7,NA,31,55,corridor_eggs,NA
A,100,653,7,NA,31,55,corridor_eggs,1512
A,100,0,7,NA,31,55,corridor_eggs,1896
A,100,0,7,NA,31,55,corridor_eggs,1732
A,100,654,7,NA,31,55,corridor_eggs,NA
A,100,0,7,NA,31,55,corridor_eggs,NA
A,100,0,7,NA,31,55,corridor_eggs,1700
A,100,0,7,NA,31,55,corridor_eggs,1296
A,100,0,7,NA,31,55,corridor_eggs,NA
A,500,666,7,NA,31,55,corridor_eggs,1318
A,500,129,7,NA,31,55,corridor_eggs,1512
A,500,505,7,NA,31,55,corridor_eggs,1686
A,500,765,7,NA,31,55,corridor_eggs,NA
A,500,527,7,NA,31,55,corridor_eggs,NA
A,500,596,7,NA,31,55,corridor_eggs,1428
A,500,685,7,NA,31,55,corridor_eggs,1760
A,500,405,7,NA,31,55,corridor_eggs,NA
A,500,25,7,1,31,70,storing_sex_A,NA
A,500,2,7,1,31,70,storing_sex_A,NA
A,500,224,7,0,31,70,storing_sex_A,NA
A,500,0,7,1,31,70,storing_sex_A,NA
A,500,194,7,0,31,70,storing_sex_A,NA
A,500,0,7,1,31,70,storing_sex_A,NA
A,500,2,7,1,31,70,storing_sex_A,NA
A,500,4,7,1,31,70,storing_sex_A,NA
A,500,11,7,1,31,70,storing_sex_A,NA
A,500,70,7,1,31,70,storing_sex_A,NA
A,500,0,7,1,31,70,storing_sex_A,NA
A,500,0,7,1,31,70,storing_sex_A,NA
A,500,0,7,1,31,70,storing_sex_A,NA
A,500,4,7,1,31,70,storing_sex_A,NA
A,500,0,7,1,31,70,storing_sex_A,NA
A,500,226,7,0,31,70,storing_sex_A,NA
A,500,221,7,0,31,70,storing_sex_A,NA
A,500,268,7,0,31,70,storing_sex_A,NA
A,500,287,7,0,31,70,storing_sex_A,NA
A,500,218,7,0,31,70,storing_sex_A,NA
A,500,254,7,0,31,70,storing_sex_A,NA
A,500,243,7,0,31,70,storing_sex_A,NA
A,500,275,7,0,31,70,storing_sex_A,NA
A,500,244,7,0,31,70,storing_sex_A,NA
A,500,290,7,0,31,70,storing_sex_A,NA
A,500,306,7,0,31,70,storing_sex_A,NA
A,500,129,7,0,31,70,storing_sex_A,NA
A,500,8,7,1,31,70,storing_sex_A,NA
A,500,0,7,1,31,70,storing_sex_A,NA
A,500,1,7,1,31,70,storing_sex_A,NA
A,500,295,7,0,31,70,storing_sex_A,NA
A,500,6,7,1,31,70,storing_sex_A,NA
A,500,284,7,0,31,70,storing_sex_A,NA
A,100,350,7,0,31,70,storing_sex_A,NA
A,100,330,7,0,31,70,storing_sex_A,NA
A,100,373,7,0,31,70,storing_sex_A,NA
A,100,371,7,0,31,70,storing_sex_A,NA
A,100,381,7,0,31,70,storing_sex_A,NA
A,100,363,7,0,31,70,storing_sex_A,NA
A,100,385,7,0,31,70,storing_sex_A,NA
A,100,335,7,0,31,70,storing_sex_A,NA
A,100,372,7,0,31,70,storing_sex_A,NA
A,100,366,7,0,31,70,storing_sex_A,NA
A,100,401,7,0,31,70,storing_sex_A,NA
A,100,384,7,0,31,70,storing_sex_A,NA
A,100,337,7,0,31,70,storing_sex_A,NA
A,100,351,7,0,31,70,storing_sex_A,NA
A,100,342,7,0,31,70,storing_sex_A,NA
A,200,388,7,0,31,70,storing_sex_A,NA
A,200,348,7,0,31,70,storing_sex_A,NA
A,200,356,7,0,31,70,storing_sex_A,NA
A,200,341,7,0,31,70,storing_sex_A,NA
A,200,312,7,0,31,70,storing_sex_A,NA
A,200,341,7,0,31,70,storing_sex_A,NA
A,200,334,7,0,31,70,storing_sex_A,NA
A,200,345,7,0,31,70,storing_sex_A,NA
A,200,319,7,0,31,70,storing_sex_A,NA
A,200,332,7,0,31,70,storing_sex_A,NA
A,200,337,7,0,31,70,storing_sex_A,NA
A,200,97,7,0,31,70,storing_sex_A,NA
A,200,326,7,0,31,70,storing_sex_A,NA
A,200,56,7,1,31,70,storing_sex_A,NA
A,200,318,7,0,31,70,storing_sex_A,NA
A,300,316,7,0,31,70,storing_sex_A,NA
A,300,280,7,0,31,70,storing_sex_A,NA
A,300,12,7,1,31,70,storing_sex_A,NA
A,300,296,7,0,31,70,storing_sex_A,NA
A,300,286,7,0,31,70,storing_sex_A,NA
A,300,21,7,1,31,70,storing_sex_A,NA
A,300,14,7,1,31,70,storing_sex_A,NA
A,300,277,7,0,31,70,storing_sex_A,NA
A,300,288,7,0,31,70,storing_sex_A,NA
A,300,337,7,0,31,70,storing_sex_A,NA
A,300,346,7,0,31,70,storing_sex_A,NA
A,300,327,7,0,31,70,storing_sex_A,NA
A,300,325,7,0,31,70,storing_sex_A,NA
A,300,328,7,0,31,70,storing_sex_A,NA
A,300,316,7,0,31,70,storing_sex_A,NA
A,400,329,7,0,31,70,storing_sex_A,NA
A,400,315,7,0,31,70,storing_sex_A,NA
A,400,322,7,0,31,70,storing_sex_A,NA
A,400,278,7,0,31,70,storing_sex_A,NA
A,400,297,7,0,31,70,storing_sex_A,NA
A,400,115,7,1,31,70,storing_sex_A,NA
A,400,259,7,0,31,70,storing_sex_A,NA
A,400,297,7,0,31,70,storing_sex_A,NA
A,400,283,7,0,31,70,storing_sex_A,NA
A,400,287,7,0,31,70,storing_sex_A,NA
A,400,279,7,0,31,70,storing_sex_A,NA
A,400,292,7,0,31,70,storing_sex_A,NA
A,400,254,7,0,31,70,storing_sex_A,NA
A,400,220,7,0,31,70,storing_sex_A,NA
A,400,11,7,1,31,70,storing_sex_A,NA
A,750,257,7,0,31,70,storing_sex_A,NA
A,750,281,7,0,31,70,storing_sex_A,NA
A,750,274,7,0,31,70,storing_sex_A,NA
A,750,270,7,0,31,70,storing_sex_A,NA
A,750,243,7,0,31,70,storing_sex_A,NA
A,750,257,7,0,31,70,storing_sex_A,NA
A,750,250,7,0,31,70,storing_sex_A,NA
A,750,271,7,0,31,70,storing_sex_A,NA
A,750,1,7,1,31,70,storing_sex_A,NA
A,750,0,7,1,31,70,storing_sex_A,NA
A,750,3,7,1,31,70,storing_sex_A,NA
A,750,264,7,0,31,70,storing_sex_A,NA
A,750,245,7,0,31,70,storing_sex_A,NA
A,750,246,7,0,31,70,storing_sex_A,NA
A,750,269,7,0,31,70,storing_sex_A,NA
A,1000,213,7,1,31,70,storing_sex_A,NA
A,1000,257,7,0,31,70,storing_sex_A,NA
A,1000,257,7,0,31,70,storing_sex_A,NA
A,1000,171,7,0,31,70,storing_sex_A,NA
A,1000,4,7,1,31,70,storing_sex_A,NA
A,1000,1,7,1,31,70,storing_sex_A,NA
A,1000,2,7,1,31,70,storing_sex_A,NA
A,1000,194,7,0,31,70,storing_sex_A,NA
A,1000,247,7,0,31,70,storing_sex_A,NA
A,1000,210,7,0,31,70,storing_sex_A,NA
A,1000,1,7,1,31,70,storing_sex_A,NA
A,1000,0,7,1,31,70,storing_sex_A,NA
A,1000,0,7,1,31,70,storing_sex_A,NA
A,100,243,1,0,31,70,storing_sex_A,NA
A,100,197,1,0,31,70,storing_sex_A,NA
A,100,202,1,0,31,70,storing_sex_A,NA
A,100,244,1,0,31,70,storing_sex_A,NA
A,100,267,1,0,31,70,storing_sex_A,NA
A,100,222,1,0,31,70,storing_sex_A,NA
A,100,254,1,0,31,70,storing_sex_A,NA
A,100,197,1,0,31,70,storing_sex_A,NA
A,100,214,1,0,31,70,storing_sex_A,NA
A,100,235,1,0,31,70,storing_sex_A,NA
A,100,245,1,0,31,70,storing_sex_A,NA
A,100,281,1,0,31,70,storing_sex_A,NA
A,100,232,1,0,31,70,storing_sex_A,NA
A,100,250,1,0,31,70,storing_sex_A,NA
A,100,218,1,0,31,70,storing_sex_A,NA
A,200,203,1,0,31,70,storing_sex_A,NA
A,200,208,1,0,31,70,storing_sex_A,NA
A,200,214,1,0,31,70,storing_sex_A,NA
A,200,218,1,0,31,70,storing_sex_A,NA
A,200,226,1,0,31,70,storing_sex_A,NA
A,200,209,1,0,31,70,storing_sex_A,NA
A,200,171,1,0,31,70,storing_sex_A,NA
A,200,226,1,0,31,70,storing_sex_A,NA
A,200,202,1,0,31,70,storing_sex_A,NA
A,200,179,1,0,31,70,storing_sex_A,NA
A,200,204,1,0,31,70,storing_sex_A,NA
A,200,226,1,0,31,70,storing_sex_A,NA
A,200,177,1,0,31,70,storing_sex_A,NA
A,200,162,1,0,31,70,storing_sex_A,NA
A,300,151,1,0,31,70,storing_sex_A,NA
A,300,175,1,0,31,70,storing_sex_A,NA
A,300,174,1,0,31,70,storing_sex_A,NA
A,300,162,1,0,31,70,storing_sex_A,NA
A,300,194,1,0,31,70,storing_sex_A,NA
A,300,171,1,0,31,70,storing_sex_A,NA
A,300,162,1,0,31,70,storing_sex_A,NA
A,300,165,1,0,31,70,storing_sex_A,NA
A,300,179,1,0,31,70,storing_sex_A,NA
A,300,206,1,0,31,70,storing_sex_A,NA
A,300,193,1,0,31,70,storing_sex_A,NA
A,300,181,1,0,31,70,storing_sex_A,NA
A,300,195,1,0,31,70,storing_sex_A,NA
A,300,190,1,0,31,70,storing_sex_A,NA
A,300,201,1,0,31,70,storing_sex_A,NA
A,400,185,1,0,31,70,storing_sex_A,NA
A,400,191,1,0,31,70,storing_sex_A,NA
A,400,193,1,0,31,70,storing_sex_A,NA
A,400,185,1,0,31,70,storing_sex_A,NA
A,400,181,1,0,31,70,storing_sex_A,NA
A,400,207,1,0,31,70,storing_sex_A,NA
A,400,136,1,0,31,70,storing_sex_A,NA
A,400,199,1,0,31,70,storing_sex_A,NA
A,400,203,1,0,31,70,storing_sex_A,NA
A,400,188,1,0,31,70,storing_sex_A,NA
A,400,169,1,0,31,70,storing_sex_A,NA
A,400,184,1,0,31,70,storing_sex_A,NA
A,400,178,1,0,31,70,storing_sex_A,NA
A,400,169,1,0,31,70,storing_sex_A,NA
A,400,125,1,0,31,70,storing_sex_A,NA
A,750,207,1,0,31,70,storing_sex_A,NA
A,750,228,1,0,31,70,storing_sex_A,NA
A,750,182,1,0,31,70,storing_sex_A,NA
A,750,216,1,0,31,70,storing_sex_A,NA
A,750,219,1,0,31,70,storing_sex_A,NA
A,750,157,1,0,31,70,storing_sex_A,NA
A,750,165,1,0,31,70,storing_sex_A,NA
A,750,165,1,0,31,70,storing_sex_A,NA
A,750,101,1,0,31,70,storing_sex_A,NA
A,750,94,1,1,31,70,storing_sex_A,NA
A,750,96,1,1,31,70,storing_sex_A,NA
A,750,183,1,0,31,70,storing_sex_A,NA
A,750,132,1,0,31,70,storing_sex_A,NA
A,750,171,1,0,31,70,storing_sex_A,NA
A,750,186,1,0,31,70,storing_sex_A,NA
A,1000,220,1,0,31,70,storing_sex_A,NA
A,1000,198,1,0,31,70,storing_sex_A,NA
A,1000,172,1,0,31,70,storing_sex_A,NA
A,1000,139,1,0,31,70,storing_sex_A,NA
A,1000,156,1,0,31,70,storing_sex_A,NA
A,1000,232,1,0,31,70,storing_sex_A,NA
A,1000,166,1,0,31,70,storing_sex_A,NA
A,1000,176,1,0,31,70,storing_sex_A,NA
A,1000,186,1,0,31,70,storing_sex_A,NA
A,1000,166,1,0,31,70,storing_sex_A,NA
A,1000,200,1,0,31,70,storing_sex_A,NA
A,1000,12,1,1,31,70,storing_sex_A,NA
A,1000,111,1,0,31,70,storing_sex_A,NA
A,100,347,3,0,31,70,storing_sex_A,NA
A,100,387,3,0,31,70,storing_sex_A,NA
A,100,318,3,0,31,70,storing_sex_A,NA
A,100,367,3,0,31,70,storing_sex_A,NA
A,100,375,3,0,31,70,storing_sex_A,NA
A,100,380,3,0,31,70,storing_sex_A,NA
A,100,446,3,0,31,70,storing_sex_A,NA
A,100,344,3,0,31,70,storing_sex_A,NA
A,100,357,3,0,31,70,storing_sex_A,NA
A,100,363,3,0,31,70,storing_sex_A,NA
A,100,377,3,0,31,70,storing_sex_A,NA
A,100,337,3,0,31,70,storing_sex_A,NA
A,100,378,3,0,31,70,storing_sex_A,NA
A,100,388,3,0,31,70,storing_sex_A,NA
A,100,359,3,0,31,70,storing_sex_A,NA
A,200,348,3,0,31,70,storing_sex_A,NA
A,200,330,3,0,31,70,storing_sex_A,NA
A,200,357,3,0,31,70,storing_sex_A,NA
A,200,358,3,0,31,70,storing_sex_A,NA
A,200,322,3,0,31,70,storing_sex_A,NA
A,200,311,3,0,31,70,storing_sex_A,NA
A,200,335,3,0,31,70,storing_sex_A,NA
A,200,323,3,0,31,70,storing_sex_A,NA
A,200,340,3,0,31,70,storing_sex_A,NA
A,200,332,3,0,31,70,storing_sex_A,NA
A,200,349,3,0,31,70,storing_sex_A,NA
A,200,320,3,0,31,70,storing_sex_A,NA
A,200,358,3,0,31,70,storing_sex_A,NA
A,200,306,3,0,31,70,storing_sex_A,NA
A,200,279,3,0,31,70,storing_sex_A,NA
A,300,245,3,0,31,70,storing_sex_A,NA
A,300,286,3,0,31,70,storing_sex_A,NA
A,300,279,3,0,31,70,storing_sex_A,NA
A,300,261,3,0,31,70,storing_sex_A,NA
A,300,293,3,0,31,70,storing_sex_A,NA
A,300,282,3,0,31,70,storing_sex_A,NA
A,300,230,3,0,31,70,storing_sex_A,NA
A,300,263,3,0,31,70,storing_sex_A,NA
A,300,310,3,0,31,70,storing_sex_A,NA
A,300,287,3,0,31,70,storing_sex_A,NA
A,300,293,3,0,31,70,storing_sex_A,NA
A,300,309,3,0,31,70,storing_sex_A,NA
A,300,325,3,0,31,70,storing_sex_A,NA
A,300,357,3,0,31,70,storing_sex_A,NA
A,300,306,3,0,31,70,storing_sex_A,NA
A,400,281,3,0,31,70,storing_sex_A,NA
A,400,244,3,0,31,70,storing_sex_A,NA
A,400,335,3,0,31,70,storing_sex_A,NA
A,400,286,3,0,31,70,storing_sex_A,NA
A,400,299,3,0,31,70,storing_sex_A,NA
A,400,378,3,0,31,70,storing_sex_A,NA
A,400,385,3,0,31,70,storing_sex_A,NA
A,400,391,3,0,31,70,storing_sex_A,NA
A,400,430,3,0,31,70,storing_sex_A,NA
A,400,385,3,0,31,70,storing_sex_A,NA
A,400,380,3,0,31,70,storing_sex_A,NA
A,400,395,3,0,31,70,storing_sex_A,NA
A,400,344,3,0,31,70,storing_sex_A,NA
A,400,244,3,1,31,70,storing_sex_A,NA
A,750,354,3,0,31,70,storing_sex_A,NA
A,750,360,3,0,31,70,storing_sex_A,NA
A,750,403,3,0,31,70,storing_sex_A,NA
A,750,440,3,0,31,70,storing_sex_A,NA
A,750,356,3,0,31,70,storing_sex_A,NA
A,750,395,3,0,31,70,storing_sex_A,NA
A,750,344,3,0,31,70,storing_sex_A,NA
A,750,156,3,1,31,70,storing_sex_A,NA
A,750,287,3,1,31,70,storing_sex_A,NA
A,750,9,3,1,31,70,storing_sex_A,NA
A,750,228,3,1,31,70,storing_sex_A,NA
A,750,106,3,1,31,70,storing_sex_A,NA
A,750,386,3,0,31,70,storing_sex_A,NA
A,750,319,3,0,31,70,storing_sex_A,NA
A,750,149,3,0,31,70,storing_sex_A,NA
A,1000,319,3,0,31,70,storing_sex_A,NA
A,1000,341,3,0,31,70,storing_sex_A,NA
A,1000,361,3,0,31,70,storing_sex_A,NA
A,1000,10,3,1,31,70,storing_sex_A,NA
A,1000,274,3,0,31,70,storing_sex_A,NA
A,1000,332,3,0,31,70,storing_sex_A,NA
A,1000,333,3,0,31,70,storing_sex_A,NA
A,1000,321,3,0,31,70,storing_sex_A,NA
A,1000,352,3,0,31,70,storing_sex_A,NA
A,1000,320,3,0,31,70,storing_sex_A,NA
A,1000,111,3,1,31,70,storing_sex_A,NA
A,1000,153,3,1,31,70,storing_sex_A,NA
A,1000,8,3,1,31,70,storing_sex_A,NA
A,100,244,1,0,31,70,storing_sex_A,NA
A,100,212,1,0,31,70,storing_sex_A,NA
A,100,211,1,0,31,70,storing_sex_A,NA
A,100,283,1,0,31,70,storing_sex_A,NA
A,100,112,1,0,31,70,storing_sex_A,NA
A,100,227,1,0,31,70,storing_sex_A,NA
A,100,255,1,0,31,70,storing_sex_A,NA
A,100,199,1,0,31,70,storing_sex_A,NA
A,100,238,1,0,31,70,storing_sex_A,NA
A,100,271,1,0,31,70,storing_sex_A,NA
A,100,239,1,0,31,70,storing_sex_A,NA
A,100,228,1,0,31,70,storing_sex_A,NA
A,100,255,1,0,31,70,storing_sex_A,NA
A,100,259,1,0,31,70,storing_sex_A,NA
A,100,254,1,0,31,70,storing_sex_A,NA
A,200,274,1,0,31,70,storing_sex_A,NA
A,200,264,1,0,31,70,storing_sex_A,NA
A,200,257,1,0,31,70,storing_sex_A,NA
A,200,307,1,0,31,70,storing_sex_A,NA
A,200,270,1,0,31,70,storing_sex_A,NA
A,200,266,1,0,31,70,storing_sex_A,NA
A,200,293,1,0,31,70,storing_sex_A,NA
A,200,298,1,0,31,70,storing_sex_A,NA
A,200,253,1,0,31,70,storing_sex_A,NA
A,200,243,1,0,31,70,storing_sex_A,NA
A,200,254,1,0,31,70,storing_sex_A,NA
A,200,277,1,0,31,70,storing_sex_A,NA
A,200,275,1,0,31,70,storing_sex_A,NA
A,200,223,1,0,31,70,storing_sex_A,NA
A,200,224,1,0,31,70,storing_sex_A,NA
A,300,235,1,0,31,70,storing_sex_A,NA
A,300,244,1,0,31,70,storing_sex_A,NA
A,300,244,1,0,31,70,storing_sex_A,NA
A,300,232,1,0,31,70,storing_sex_A,NA
A,300,228,1,0,31,70,storing_sex_A,NA
A,300,212,1,0,31,70,storing_sex_A,NA
A,300,232,1,0,31,70,storing_sex_A,NA
A,300,235,1,0,31,70,storing_sex_A,NA
A,300,246,1,0,31,70,storing_sex_A,NA
A,300,267,1,0,31,70,storing_sex_A,NA
A,300,235,1,0,31,70,storing_sex_A,NA
A,300,267,1,0,31,70,storing_sex_A,NA
A,300,276,1,0,31,70,storing_sex_A,NA
A,300,277,1,0,31,70,storing_sex_A,NA
A,300,223,1,0,31,70,storing_sex_A,NA
A,400,236,1,0,31,70,storing_sex_A,NA
A,400,262,1,0,31,70,storing_sex_A,NA
A,400,241,1,0,31,70,storing_sex_A,NA
A,400,270,1,0,31,70,storing_sex_A,NA
A,400,266,1,0,31,70,storing_sex_A,NA
A,400,353,1,0,31,70,storing_sex_A,NA
A,400,244,1,0,31,70,storing_sex_A,NA
A,400,246,1,0,31,70,storing_sex_A,NA
A,400,237,1,0,31,70,storing_sex_A,NA
A,400,230,1,0,31,70,storing_sex_A,NA
A,400,232,1,0,31,70,storing_sex_A,NA
A,400,240,1,0,31,70,storing_sex_A,NA
A,400,217,1,0,31,70,storing_sex_A,NA
A,400,219,1,0,31,70,storing_sex_A,NA
A,400,244,1,0,31,70,storing_sex_A,NA
A,750,260,1,0,31,70,storing_sex_A,NA
A,750,236,1,0,31,70,storing_sex_A,NA
A,750,236,1,0,31,70,storing_sex_A,NA
A,750,252,1,0,31,70,storing_sex_A,NA
A,750,254,1,0,31,70,storing_sex_A,NA
A,750,255,1,0,31,70,storing_sex_A,NA
A,750,203,1,0,31,70,storing_sex_A,NA
A,750,205,1,0,31,70,storing_sex_A,NA
A,750,236,1,0,31,70,storing_sex_A,NA
A,750,218,1,0,31,70,storing_sex_A,NA
A,750,233,1,0,31,70,storing_sex_A,NA
A,750,226,1,0,31,70,storing_sex_A,NA
A,750,233,1,0,31,70,storing_sex_A,NA
A,750,237,1,0,31,70,storing_sex_A,NA
A,750,241,1,0,31,70,storing_sex_A,NA
A,1000,282,1,0,31,70,storing_sex_A,NA
A,1000,244,1,0,31,70,storing_sex_A,NA
A,1000,214,1,0,31,70,storing_sex_A,NA
A,1000,171,1,0,31,70,storing_sex_A,NA
A,1000,175,1,0,31,70,storing_sex_A,NA
A,1000,274,1,0,31,70,storing_sex_A,NA
A,1000,238,1,0,31,70,storing_sex_A,NA
A,1000,232,1,0,31,70,storing_sex_A,NA
A,1000,238,1,0,31,70,storing_sex_A,NA
A,1000,264,1,0,31,70,storing_sex_A,NA
A,1000,251,1,0,31,70,storing_sex_A,NA
A,1000,221,1,0,31,70,storing_sex_A,NA
A,1000,117,1,1,31,70,storing_sex_A,NA
A,5,5,1,0,31,70,storing_sex_A,NA
A,5,5,1,0,31,70,storing_sex_A,NA
A,5,6,1,0,31,70,storing_sex_A,NA
A,5,9,1,0,31,70,storing_sex_A,NA
A,5,4,1,0,31,70,storing_sex_A,NA
A,10,11,1,0,31,70,storing_sex_A,NA
A,10,31,1,0,31,70,storing_sex_A,NA
A,10,17,1,0,31,70,storing_sex_A,NA
A,10,15,1,0,31,70,storing_sex_A,NA
A,10,17,1,0,31,70,storing_sex_A,NA
A,20,41,1,0,31,70,storing_sex_A,NA
A,20,44,1,0,31,70,storing_sex_A,NA
A,20,52,1,0,31,70,storing_sex_A,NA
A,20,37,1,0,31,70,storing_sex_A,NA
A,20,47,1,0,31,70,storing_sex_A,NA
A,30,71,1,0,31,70,storing_sex_A,NA
A,30,56,1,0,31,70,storing_sex_A,NA
A,30,74,1,0,31,70,storing_sex_A,NA
A,30,55,1,0,31,70,storing_sex_A,NA
A,30,41,1,0,31,70,storing_sex_A,NA
A,50,111,1,0,31,70,storing_sex_A,NA
A,50,70,1,0,31,70,storing_sex_A,NA
A,50,85,1,0,31,70,storing_sex_A,NA
A,50,61,1,0,31,70,storing_sex_A,NA
A,50,104,1,0,31,70,storing_sex_A,NA
A,5,21,1,0,31,70,storing_sex_A,NA
A,5,11,1,0,31,70,storing_sex_A,NA
A,5,18,1,0,31,70,storing_sex_A,NA
A,5,11,1,0,31,70,storing_sex_A,NA
A,5,134,1,1,31,70,storing_sex_A,NA
A,10,18,1,0,31,70,storing_sex_A,NA
A,10,20,1,0,31,70,storing_sex_A,NA
A,10,34,1,0,31,70,storing_sex_A,NA
A,10,28,1,0,31,70,storing_sex_A,NA
A,10,32,1,0,31,70,storing_sex_A,NA
A,20,40,1,0,31,70,storing_sex_A,NA
A,20,38,1,0,31,70,storing_sex_A,NA
A,20,49,1,0,31,70,storing_sex_A,NA
A,20,27,1,0,31,70,storing_sex_A,NA
A,20,47,1,0,31,70,storing_sex_A,NA
A,30,51,1,0,31,70,storing_sex_A,NA
A,30,55,1,0,31,70,storing_sex_A,NA
A,30,45,1,0,31,70,storing_sex_A,NA
A,30,47,1,0,31,70,storing_sex_A,NA
A,30,56,1,0,31,70,storing_sex_A,NA
A,50,94,1,0,31,70,storing_sex_A,NA
A,50,78,1,0,31,70,storing_sex_A,NA
A,50,93,1,0,31,70,storing_sex_A,NA
A,50,78,1,0,31,70,storing_sex_A,NA
A,50,83,1,0,31,70,storing_sex_A,NA
A,5,21,1,0,31,70,storing_sex_A,NA
A,5,12,1,0,31,70,storing_sex_A,NA
A,5,16,1,0,31,70,storing_sex_A,NA
A,5,17,1,0,31,70,storing_sex_A,NA
A,5,11,1,0,31,70,storing_sex_A,NA
A,10,36,1,0,31,70,storing_sex_A,NA
A,10,27,1,0,31,70,storing_sex_A,NA
A,10,21,1,0,31,70,storing_sex_A,NA
A,10,21,1,0,31,70,storing_sex_A,NA
A,10,22,1,0,31,70,storing_sex_A,NA
A,20,29,1,0,31,70,storing_sex_A,NA
A,20,76,1,1,31,70,storing_sex_A,NA
A,20,63,1,0,31,70,storing_sex_A,NA
A,20,46,1,0,31,70,storing_sex_A,NA
A,20,39,1,0,31,70,storing_sex_A,NA
A,30,58,1,0,31,70,storing_sex_A,NA
A,30,51,1,0,31,70,storing_sex_A,NA
A,30,55,1,0,31,70,storing_sex_A,NA
A,30,72,1,0,31,70,storing_sex_A,NA
A,30,66,1,0,31,70,storing_sex_A,NA
A,50,74,1,0,31,70,storing_sex_A,NA
A,50,113,1,0,31,70,storing_sex_A,NA
A,50,89,1,0,31,70,storing_sex_A,NA
A,50,49,1,0,31,70,storing_sex_A,NA
A,50,107,1,0,31,70,storing_sex_A,NA
A,5,7,1,0,31,70,storing_sex_A,NA
A,5,26,1,0,31,70,storing_sex_A,NA
A,5,12,1,0,31,70,storing_sex_A,NA
A,5,12,1,0,31,70,storing_sex_A,NA
A,5,9,1,0,31,70,storing_sex_A,NA
A,10,33,1,0,31,70,storing_sex_A,NA
A,10,21,1,0,31,70,storing_sex_A,NA
A,10,31,1,0,31,70,storing_sex_A,NA
A,10,14,1,0,31,70,storing_sex_A,NA
A,10,23,1,0,31,70,storing_sex_A,NA
A,20,47,1,0,31,70,storing_sex_A,NA
A,20,58,1,0,31,70,storing_sex_A,NA
A,20,65,1,0,31,70,storing_sex_A,NA
A,20,30,1,0,31,70,storing_sex_A,NA
A,20,53,1,0,31,70,storing_sex_A,NA
A,30,47,1,0,31,70,storing_sex_A,NA
A,30,65,1,0,31,70,storing_sex_A,NA
A,30,58,1,0,31,70,storing_sex_A,NA
A,30,58,1,0,31,70,storing_sex_A,NA
A,30,39,1,0,31,70,storing_sex_A,NA
A,50,90,1,0,31,70,storing_sex_A,NA
A,50,81,1,0,31,70,storing_sex_A,NA
A,50,77,1,0,31,70,storing_sex_A,NA
A,50,92,1,0,31,70,storing_sex_A,NA
A,50,43,1,0,31,70,storing_sex_A,NA
A,5,8,1,0,31,70,storing_sex_A,NA
A,5,3,1,0,31,70,storing_sex_A,NA
A,5,13,1,1,31,70,storing_sex_A,NA
A,5,13,1,0,31,70,storing_sex_A,NA
A,5,11,1,0,31,70,storing_sex_A,NA
A,10,23,1,0,31,70,storing_sex_A,NA
A,10,19,1,0,31,70,storing_sex_A,NA
A,10,11,1,0,31,70,storing_sex_A,NA
A,10,21,1,0,31,70,storing_sex_A,NA
A,10,22,1,0,31,70,storing_sex_A,NA
A,20,40,1,0,31,70,storing_sex_A,NA
A,20,51,1,0,31,70,storing_sex_A,NA
A,20,35,1,0,31,70,storing_sex_A,NA
A,20,49,1,0,31,70,storing_sex_A,NA
A,20,34,1,0,31,70,storing_sex_A,NA
A,30,68,1,0,31,70,storing_sex_A,NA
A,30,37,1,0,31,70,storing_sex_A,NA
A,30,64,1,0,31,70,storing_sex_A,NA
A,30,84,1,0,31,70,storing_sex_A,NA
A,30,86,1,0,31,70,storing_sex_A,NA
A,50,90,1,0,31,70,storing_sex_A,NA
A,50,79,1,0,31,70,storing_sex_A,NA
A,50,56,1,0,31,70,storing_sex_A,NA
A,50,108,1,0,31,70,storing_sex_A,NA
A,50,80,1,0,31,70,storing_sex_A,NA
A,5,49,1,1,31,70,storing_sex_A,NA
A,5,6,1,0,31,70,storing_sex_A,NA
A,5,13,1,0,31,70,storing_sex_A,NA
A,5,6,1,0,31,70,storing_sex_A,NA
A,5,18,1,0,31,70,storing_sex_A,NA
A,10,30,1,0,31,70,storing_sex_A,NA
A,10,74,1,1,31,70,storing_sex_A,NA
A,10,35,1,0,31,70,storing_sex_A,NA
A,10,23,1,0,31,70,storing_sex_A,NA
A,10,23,1,0,31,70,storing_sex_A,NA
A,20,52,1,0,31,70,storing_sex_A,NA
A,20,38,1,0,31,70,storing_sex_A,NA
A,20,48,1,0,31,70,storing_sex_A,NA
A,20,45,1,0,31,70,storing_sex_A,NA
A,20,58,1,0,31,70,storing_sex_A,NA
A,30,69,1,0,31,70,storing_sex_A,NA
A,30,46,1,0,31,70,storing_sex_A,NA
A,30,55,1,0,31,70,storing_sex_A,NA
A,30,34,1,0,31,70,storing_sex_A,NA
A,30,56,1,0,31,70,storing_sex_A,NA
A,50,99,1,0,31,70,storing_sex_A,NA
A,50,86,1,0,31,70,storing_sex_A,NA
A,50,63,1,0,31,70,storing_sex_A,NA
A,50,64,1,0,31,70,storing_sex_A,NA
A,50,110,1,0,31,70,storing_sex_A,NA
A,5,20,2,0,31,70,storing_sex_A,NA
A,5,16,2,0,31,70,storing_sex_A,NA
A,5,7,2,0,31,70,storing_sex_A,NA
A,5,31,2,0,31,70,storing_sex_A,NA
A,5,19,2,0,31,70,storing_sex_A,NA
A,10,55,2,0,31,70,storing_sex_A,NA
A,10,110,2,0,31,70,storing_sex_A,NA
A,10,64,2,0,31,70,storing_sex_A,NA
A,10,66,2,0,31,70,storing_sex_A,NA
A,10,91,2,0,31,70,storing_sex_A,NA
A,20,141,2,0,31,70,storing_sex_A,NA
A,20,126,2,0,31,70,storing_sex_A,NA
A,20,180,2,0,31,70,storing_sex_A,NA
A,20,141,2,0,31,70,storing_sex_A,NA
A,20,147,2,0,31,70,storing_sex_A,NA
A,30,155,2,0,31,70,storing_sex_A,NA
A,30,156,2,0,31,70,storing_sex_A,NA
A,30,176,2,0,31,70,storing_sex_A,NA
A,30,149,2,0,31,70,storing_sex_A,NA
A,30,143,2,0,31,70,storing_sex_A,NA
A,50,247,2,0,31,70,storing_sex_A,NA
A,50,176,2,0,31,70,storing_sex_A,NA
A,50,218,2,0,31,70,storing_sex_A,NA
A,50,257,2,0,31,70,storing_sex_A,NA
A,50,219,2,0,31,70,storing_sex_A,NA
A,5,36,2,0,31,70,storing_sex_A,NA
A,5,64,2,0,31,70,storing_sex_A,NA
A,5,22,2,0,31,70,storing_sex_A,NA
A,5,47,2,0,31,70,storing_sex_A,NA
A,5,50,2,1,31,70,storing_sex_A,NA
A,10,97,2,0,31,70,storing_sex_A,NA
A,10,73,2,0,31,70,storing_sex_A,NA
A,10,111,2,0,31,70,storing_sex_A,NA
A,10,130,2,0,31,70,storing_sex_A,NA
A,10,110,2,0,31,70,storing_sex_A,NA
A,20,142,2,0,31,70,storing_sex_A,NA
A,20,149,2,0,31,70,storing_sex_A,NA
A,20,141,2,0,31,70,storing_sex_A,NA
A,20,104,2,0,31,70,storing_sex_A,NA
A,20,147,2,0,31,70,storing_sex_A,NA
A,30,151,2,0,31,70,storing_sex_A,NA
A,30,143,2,0,31,70,storing_sex_A,NA
A,30,137,2,0,31,70,storing_sex_A,NA
A,30,151,2,0,31,70,storing_sex_A,NA
A,30,157,2,0,31,70,storing_sex_A,NA
A,50,255,2,0,31,70,storing_sex_A,NA
A,50,165,2,0,31,70,storing_sex_A,NA
A,50,201,2,0,31,70,storing_sex_A,NA
A,50,200,2,0,31,70,storing_sex_A,NA
A,50,220,2,0,31,70,storing_sex_A,NA
A,5,71,2,0,31,70,storing_sex_A,NA
A,5,79,2,0,31,70,storing_sex_A,NA
A,5,71,2,0,31,70,storing_sex_A,NA
A,5,81,2,0,31,70,storing_sex_A,NA
A,5,32,2,0,31,70,storing_sex_A,NA
A,10,109,2,0,31,70,storing_sex_A,NA
A,10,85,2,0,31,70,storing_sex_A,NA
A,10,64,2,0,31,70,storing_sex_A,NA
A,10,90,2,0,31,70,storing_sex_A,NA
A,10,76,2,0,31,70,storing_sex_A,NA
A,20,148,2,0,31,70,storing_sex_A,NA
A,20,160,2,0,31,70,storing_sex_A,NA
A,20,163,2,0,31,70,storing_sex_A,NA
A,20,86,2,0,31,70,storing_sex_A,NA
A,20,114,2,0,31,70,storing_sex_A,NA
A,30,163,2,0,31,70,storing_sex_A,NA
A,30,176,2,0,31,70,storing_sex_A,NA
A,30,167,2,0,31,70,storing_sex_A,NA
A,30,173,2,0,31,70,storing_sex_A,NA
A,30,168,2,0,31,70,storing_sex_A,NA
A,50,206,2,0,31,70,storing_sex_A,NA
A,50,235,2,0,31,70,storing_sex_A,NA
A,50,199,2,0,31,70,storing_sex_A,NA
A,50,147,2,0,31,70,storing_sex_A,NA
A,50,251,2,0,31,70,storing_sex_A,NA
A,5,42,2,0,31,70,storing_sex_A,NA
A,5,65,2,0,31,70,storing_sex_A,NA
A,5,49,2,0,31,70,storing_sex_A,NA
A,5,45,2,0,31,70,storing_sex_A,NA
A,5,33,2,0,31,70,storing_sex_A,NA
A,10,92,2,0,31,70,storing_sex_A,NA
A,10,71,2,0,31,70,storing_sex_A,NA
A,10,24,2,0,31,70,storing_sex_A,NA
A,10,35,2,0,31,70,storing_sex_A,NA
A,10,104,2,0,31,70,storing_sex_A,NA
A,20,165,2,0,31,70,storing_sex_A,NA
A,20,158,2,0,31,70,storing_sex_A,NA
A,20,198,2,0,31,70,storing_sex_A,NA
A,20,130,2,0,31,70,storing_sex_A,NA
A,20,146,2,0,31,70,storing_sex_A,NA
A,30,160,2,0,31,70,storing_sex_A,NA
A,30,167,2,0,31,70,storing_sex_A,NA
A,30,164,2,0,31,70,storing_sex_A,NA
A,30,188,2,0,31,70,storing_sex_A,NA
A,30,179,2,0,31,70,storing_sex_A,NA
A,50,226,2,0,31,70,storing_sex_A,NA
A,50,209,2,0,31,70,storing_sex_A,NA
A,50,212,2,0,31,70,storing_sex_A,NA
A,50,219,2,0,31,70,storing_sex_A,NA
A,50,193,2,0,31,70,storing_sex_A,NA
A,5,28,2,0,31,70,storing_sex_A,NA
A,5,0,2,0,31,70,storing_sex_A,NA
A,5,28,2,0,31,70,storing_sex_A,NA
A,5,41,2,0,31,70,storing_sex_A,NA
A,5,28,2,0,31,70,storing_sex_A,NA
A,10,78,2,0,31,70,storing_sex_A,NA
A,10,75,2,0,31,70,storing_sex_A,NA
A,10,40,2,0,31,70,storing_sex_A,NA
A,10,60,2,0,31,70,storing_sex_A,NA
A,10,65,2,0,31,70,storing_sex_A,NA
A,20,110,2,0,31,70,storing_sex_A,NA
A,20,157,2,0,31,70,storing_sex_A,NA
A,20,128,2,0,31,70,storing_sex_A,NA
A,20,130,2,0,31,70,storing_sex_A,NA
A,20,95,2,0,31,70,storing_sex_A,NA
A,30,201,2,0,31,70,storing_sex_A,NA
A,30,123,2,0,31,70,storing_sex_A,NA
A,30,155,2,0,31,70,storing_sex_A,NA
A,30,206,2,0,31,70,storing_sex_A,NA
A,30,173,2,0,31,70,storing_sex_A,NA
A,50,262,2,0,31,70,storing_sex_A,NA
A,50,208,2,0,31,70,storing_sex_A,NA
A,50,218,2,0,31,70,storing_sex_A,NA
A,50,175,2,0,31,70,storing_sex_A,NA
A,50,238,2,0,31,70,storing_sex_A,NA
A,5,35,2,0,31,70,storing_sex_A,NA
A,5,40,2,0,31,70,storing_sex_A,NA
A,5,40,2,0,31,70,storing_sex_A,NA
A,5,29,2,0,31,70,storing_sex_A,NA
A,5,52,2,0,31,70,storing_sex_A,NA
A,10,55,2,0,31,70,storing_sex_A,NA
A,10,58,2,0,31,70,storing_sex_A,NA
A,10,110,2,0,31,70,storing_sex_A,NA
A,10,57,2,0,31,70,storing_sex_A,NA
A,10,69,2,0,31,70,storing_sex_A,NA
A,20,123,2,0,31,70,storing_sex_A,NA
A,20,144,2,0,31,70,storing_sex_A,NA
A,20,153,2,0,31,70,storing_sex_A,NA
A,20,128,2,0,31,70,storing_sex_A,NA
A,20,174,2,0,31,70,storing_sex_A,NA
A,30,195,2,0,31,70,storing_sex_A,NA
A,30,162,2,0,31,70,storing_sex_A,NA
A,30,148,2,0,31,70,storing_sex_A,NA
A,30,122,2,0,31,70,storing_sex_A,NA
A,30,178,2,0,31,70,storing_sex_A,NA
A,50,216,2,0,31,70,storing_sex_A,NA
A,50,201,2,0,31,70,storing_sex_A,NA
A,50,103,2,0,31,70,storing_sex_A,NA
A,50,132,2,0,31,70,storing_sex_A,NA
A,50,153,2,0,31,70,storing_sex_A,NA
A,5,34,3,0,31,70,storing_sex_A,NA
A,5,40,3,0,31,70,storing_sex_A,NA
A,5,31,3,0,31,70,storing_sex_A,NA
A,5,61,3,0,31,70,storing_sex_A,NA
A,5,35,3,0,31,70,storing_sex_A,NA
A,10,40,3,0,31,70,storing_sex_A,NA
A,10,221,3,0,31,70,storing_sex_A,NA
A,10,105,3,0,31,70,storing_sex_A,NA
A,10,155,3,0,31,70,storing_sex_A,NA
A,10,166,3,0,31,70,storing_sex_A,NA
A,20,237,3,0,31,70,storing_sex_A,NA
A,20,225,3,0,31,70,storing_sex_A,NA
A,20,296,3,0,31,70,storing_sex_A,NA
A,20,257,3,0,31,70,storing_sex_A,NA
A,20,258,3,0,31,70,storing_sex_A,NA
A,30,267,3,0,31,70,storing_sex_A,NA
A,30,277,3,0,31,70,storing_sex_A,NA
A,30,327,3,0,31,70,storing_sex_A,NA
A,30,246,3,0,31,70,storing_sex_A,NA
A,30,226,3,0,31,70,storing_sex_A,NA
A,50,337,3,0,31,70,storing_sex_A,NA
A,50,337,3,0,31,70,storing_sex_A,NA
A,50,323,3,0,31,70,storing_sex_A,NA
A,50,374,3,0,31,70,storing_sex_A,NA
A,50,372,3,0,31,70,storing_sex_A,NA
A,5,165,3,0,31,70,storing_sex_A,NA
A,5,113,3,0,31,70,storing_sex_A,NA
A,5,123,3,0,31,70,storing_sex_A,NA
A,5,83,3,0,31,70,storing_sex_A,NA
A,5,114,3,0,31,70,storing_sex_A,NA
A,10,160,3,0,31,70,storing_sex_A,NA
A,10,138,3,0,31,70,storing_sex_A,NA
A,10,221,3,0,31,70,storing_sex_A,NA
A,10,166,3,0,31,70,storing_sex_A,NA
A,10,169,3,0,31,70,storing_sex_A,NA
A,20,277,3,0,31,70,storing_sex_A,NA
A,20,245,3,0,31,70,storing_sex_A,NA
A,20,235,3,0,31,70,storing_sex_A,NA
A,20,183,3,0,31,70,storing_sex_A,NA
A,20,132,3,0,31,70,storing_sex_A,NA
A,30,243,3,0,31,70,storing_sex_A,NA
A,30,301,3,0,31,70,storing_sex_A,NA
A,30,268,3,0,31,70,storing_sex_A,NA
A,30,237,3,0,31,70,storing_sex_A,NA
A,30,284,3,0,31,70,storing_sex_A,NA
A,50,234,3,0,31,70,storing_sex_A,NA
A,50,304,3,0,31,70,storing_sex_A,NA
A,50,349,3,0,31,70,storing_sex_A,NA
A,50,320,3,0,31,70,storing_sex_A,NA
A,50,320,3,0,31,70,storing_sex_A,NA
A,5,118,3,0,31,70,storing_sex_A,NA
A,5,152,3,0,31,70,storing_sex_A,NA
A,5,123,3,0,31,70,storing_sex_A,NA
A,5,147,3,0,31,70,storing_sex_A,NA
A,5,61,3,0,31,70,storing_sex_A,NA
A,10,200,3,0,31,70,storing_sex_A,NA
A,10,163,3,0,31,70,storing_sex_A,NA
A,10,133,3,0,31,70,storing_sex_A,NA
A,10,151,3,0,31,70,storing_sex_A,NA
A,10,154,3,0,31,70,storing_sex_A,NA
A,20,218,3,0,31,70,storing_sex_A,NA
A,20,300,3,0,31,70,storing_sex_A,NA
A,20,262,3,0,31,70,storing_sex_A,NA
A,20,287,3,0,31,70,storing_sex_A,NA
A,20,222,3,0,31,70,storing_sex_A,NA
A,30,263,3,0,31,70,storing_sex_A,NA
A,30,275,3,0,31,70,storing_sex_A,NA
A,30,272,3,0,31,70,storing_sex_A,NA
A,30,309,3,0,31,70,storing_sex_A,NA
A,30,300,3,0,31,70,storing_sex_A,NA
A,50,273,3,0,31,70,storing_sex_A,NA
A,50,344,3,0,31,70,storing_sex_A,NA
A,50,367,3,0,31,70,storing_sex_A,NA
A,50,270,3,0,31,70,storing_sex_A,NA
A,50,408,3,0,31,70,storing_sex_A,NA
A,5,80,3,0,31,70,storing_sex_A,NA
A,5,138,3,0,31,70,storing_sex_A,NA
A,5,78,3,0,31,70,storing_sex_A,NA
A,5,92,3,0,31,70,storing_sex_A,NA
A,5,67,3,0,31,70,storing_sex_A,NA
A,10,147,3,0,31,70,storing_sex_A,NA
A,10,161,3,0,31,70,storing_sex_A,NA
A,10,191,3,0,31,70,storing_sex_A,NA
A,10,93,3,0,31,70,storing_sex_A,NA
A,10,182,3,0,31,70,storing_sex_A,NA
A,20,289,3,0,31,70,storing_sex_A,NA
A,20,263,3,0,31,70,storing_sex_A,NA
A,20,314,3,0,31,70,storing_sex_A,NA
A,20,212,3,0,31,70,storing_sex_A,NA
A,20,293,3,0,31,70,storing_sex_A,NA
A,30,214,3,0,31,70,storing_sex_A,NA
A,30,293,3,0,31,70,storing_sex_A,NA
A,30,274,3,0,31,70,storing_sex_A,NA
A,30,312,3,0,31,70,storing_sex_A,NA
A,30,278,3,0,31,70,storing_sex_A,NA
A,50,340,3,0,31,70,storing_sex_A,NA
A,50,324,3,0,31,70,storing_sex_A,NA
A,50,323,3,0,31,70,storing_sex_A,NA
A,50,311,3,0,31,70,storing_sex_A,NA
A,50,248,3,0,31,70,storing_sex_A,NA
A,5,69,3,0,31,70,storing_sex_A,NA
A,5,1,3,0,31,70,storing_sex_A,NA
A,5,55,3,1,31,70,storing_sex_A,NA
A,5,77,3,0,31,70,storing_sex_A,NA
A,5,64,3,0,31,70,storing_sex_A,NA
A,10,168,3,0,31,70,storing_sex_A,NA
A,10,145,3,0,31,70,storing_sex_A,NA
A,10,71,3,0,31,70,storing_sex_A,NA
A,10,117,3,0,31,70,storing_sex_A,NA
A,10,125,3,0,31,70,storing_sex_A,NA
A,20,228,3,0,31,70,storing_sex_A,NA
A,20,233,3,0,31,70,storing_sex_A,NA
A,20,205,3,0,31,70,storing_sex_A,NA
A,20,201,3,0,31,70,storing_sex_A,NA
A,20,173,3,0,31,70,storing_sex_A,NA
A,30,339,3,0,31,70,storing_sex_A,NA
A,30,215,3,0,31,70,storing_sex_A,NA
A,30,296,3,0,31,70,storing_sex_A,NA
A,30,315,3,0,31,70,storing_sex_A,NA
A,30,354,3,0,31,70,storing_sex_A,NA
A,50,349,3,0,31,70,storing_sex_A,NA
A,50,135,3,1,31,70,storing_sex_A,NA
A,50,343,3,0,31,70,storing_sex_A,NA
A,50,318,3,0,31,70,storing_sex_A,NA
A,50,335,3,0,31,70,storing_sex_A,NA
A,5,120,3,0,31,70,storing_sex_A,NA
A,5,70,3,0,31,70,storing_sex_A,NA
A,5,77,3,0,31,70,storing_sex_A,NA
A,5,31,3,0,31,70,storing_sex_A,NA
A,5,99,3,0,31,70,storing_sex_A,NA
A,10,160,3,0,31,70,storing_sex_A,NA
A,10,107,3,0,31,70,storing_sex_A,NA
A,10,247,3,0,31,70,storing_sex_A,NA
A,10,127,3,0,31,70,storing_sex_A,NA
A,10,121,3,0,31,70,storing_sex_A,NA
A,20,246,3,0,31,70,storing_sex_A,NA
A,20,217,3,0,31,70,storing_sex_A,NA
A,20,261,3,0,31,70,storing_sex_A,NA
A,20,183,3,0,31,70,storing_sex_A,NA
A,20,167,3,0,31,70,storing_sex_A,NA
A,30,280,3,0,31,70,storing_sex_A,NA
A,30,284,3,0,31,70,storing_sex_A,NA
A,30,261,3,0,31,70,storing_sex_A,NA
A,30,176,3,0,31,70,storing_sex_A,NA
A,30,293,3,0,31,70,storing_sex_A,NA
A,50,318,3,0,31,70,storing_sex_A,NA
A,50,362,3,0,31,70,storing_sex_A,NA
A,50,311,3,0,31,70,storing_sex_A,NA
A,50,199,3,0,31,70,storing_sex_A,NA
A,50,400,3,0,31,70,storing_sex_A,NA
A,5,45,5,0,31,70,storing_sex_A,NA
A,5,99,5,0,31,70,storing_sex_A,NA
A,5,72,5,0,31,70,storing_sex_A,NA
A,5,125,5,0,31,70,storing_sex_A,NA
A,5,48,5,0,31,70,storing_sex_A,NA
A,10,117,5,0,31,70,storing_sex_A,NA
A,10,187,5,0,31,70,storing_sex_A,NA
A,10,164,5,0,31,70,storing_sex_A,NA
A,10,253,5,0,31,70,storing_sex_A,NA
A,10,244,5,0,31,70,storing_sex_A,NA
A,20,326,5,0,31,70,storing_sex_A,NA
A,20,306,5,0,31,70,storing_sex_A,NA
A,20,364,5,0,31,70,storing_sex_A,NA
A,20,322,5,0,31,70,storing_sex_A,NA
A,20,363,5,0,31,70,storing_sex_A,NA
A,30,347,5,0,31,70,storing_sex_A,NA
A,30,259,5,0,31,70,storing_sex_A,NA
A,30,331,5,0,31,70,storing_sex_A,NA
A,30,298,5,0,31,70,storing_sex_A,NA
A,30,293,5,0,31,70,storing_sex_A,NA
A,50,360,5,0,31,70,storing_sex_A,NA
A,50,349,5,0,31,70,storing_sex_A,NA
A,50,388,5,0,31,70,storing_sex_A,NA
A,50,331,5,0,31,70,storing_sex_A,NA
A,50,380,5,0,31,70,storing_sex_A,NA
A,5,235,5,0,31,70,storing_sex_A,NA
A,5,169,5,0,31,70,storing_sex_A,NA
A,5,177,5,0,31,70,storing_sex_A,NA
A,5,106,5,0,31,70,storing_sex_A,NA
A,5,192,5,0,31,70,storing_sex_A,NA
A,10,262,5,0,31,70,storing_sex_A,NA
A,10,178,5,0,31,70,storing_sex_A,NA
A,10,297,5,0,31,70,storing_sex_A,NA
A,10,221,5,0,31,70,storing_sex_A,NA
A,10,249,5,0,31,70,storing_sex_A,NA
A,20,306,5,0,31,70,storing_sex_A,NA
A,20,288,5,0,31,70,storing_sex_A,NA
A,20,332,5,0,31,70,storing_sex_A,NA
A,20,274,5,0,31,70,storing_sex_A,NA
A,20,354,5,0,31,70,storing_sex_A,NA
A,30,283,5,0,31,70,storing_sex_A,NA
A,30,341,5,0,31,70,storing_sex_A,NA
A,30,321,5,0,31,70,storing_sex_A,NA
A,30,286,5,0,31,70,storing_sex_A,NA
A,30,331,5,0,31,70,storing_sex_A,NA
A,50,326,5,0,31,70,storing_sex_A,NA
A,50,338,5,0,31,70,storing_sex_A,NA
A,50,360,5,0,31,70,storing_sex_A,NA
A,50,365,5,0,31,70,storing_sex_A,NA
A,50,353,5,0,31,70,storing_sex_A,NA
A,5,199,5,0,31,70,storing_sex_A,NA
A,5,204,5,0,31,70,storing_sex_A,NA
A,5,199,5,0,31,70,storing_sex_A,NA
A,5,244,5,0,31,70,storing_sex_A,NA
A,5,129,5,0,31,70,storing_sex_A,NA
A,10,345,5,0,31,70,storing_sex_A,NA
A,10,54,5,0,31,70,storing_sex_A,NA
A,10,86,5,0,31,70,storing_sex_A,NA
A,10,281,5,0,31,70,storing_sex_A,NA
A,10,224,5,0,31,70,storing_sex_A,NA
A,20,380,5,0,31,70,storing_sex_A,NA
A,20,295,5,0,31,70,storing_sex_A,NA
A,20,387,5,0,31,70,storing_sex_A,NA
A,20,362,5,0,31,70,storing_sex_A,NA
A,20,94,5,0,31,70,storing_sex_A,NA
A,30,377,5,0,31,70,storing_sex_A,NA
A,30,377,5,0,31,70,storing_sex_A,NA
A,30,331,5,0,31,70,storing_sex_A,NA
A,30,346,5,0,31,70,storing_sex_A,NA
A,30,336,5,0,31,70,storing_sex_A,NA
A,50,366,5,0,31,70,storing_sex_A,NA
A,50,423,5,1,31,70,storing_sex_A,NA
A,50,57,5,0,31,70,storing_sex_A,NA
A,50,83,5,1,31,70,storing_sex_A,NA
A,50,290,5,1,31,70,storing_sex_A,NA
A,5,113,5,0,31,70,storing_sex_A,NA
A,5,234,5,0,31,70,storing_sex_A,NA
A,5,119,5,0,31,70,storing_sex_A,NA
A,5,168,5,0,31,70,storing_sex_A,NA
A,5,108,5,0,31,70,storing_sex_A,NA
A,10,220,5,0,31,70,storing_sex_A,NA
A,10,92,5,0,31,70,storing_sex_A,NA
A,10,244,5,0,31,70,storing_sex_A,NA
A,10,173,5,0,31,70,storing_sex_A,NA
A,10,139,5,0,31,70,storing_sex_A,NA
A,20,406,5,1,31,70,storing_sex_A,NA
A,20,377,5,0,31,70,storing_sex_A,NA
A,20,373,5,0,31,70,storing_sex_A,NA
A,20,187,5,0,31,70,storing_sex_A,NA
A,20,326,5,0,31,70,storing_sex_A,NA
A,30,319,5,0,31,70,storing_sex_A,NA
A,30,343,5,0,31,70,storing_sex_A,NA
A,30,284,5,0,31,70,storing_sex_A,NA
A,30,360,5,0,31,70,storing_sex_A,NA
A,30,345,5,0,31,70,storing_sex_A,NA
A,50,334,5,0,31,70,storing_sex_A,NA
A,50,363,5,0,31,70,storing_sex_A,NA
A,50,321,5,0,31,70,storing_sex_A,NA
A,50,347,5,0,31,70,storing_sex_A,NA
A,50,320,5,0,31,70,storing_sex_A,NA
A,5,144,5,0,31,70,storing_sex_A,NA
A,5,33,5,1,31,70,storing_sex_A,NA
A,5,111,5,0,31,70,storing_sex_A,NA
A,5,125,5,0,31,70,storing_sex_A,NA
A,5,125,5,0,31,70,storing_sex_A,NA
A,10,214,5,0,31,70,storing_sex_A,NA
A,10,243,5,0,31,70,storing_sex_A,NA
A,10,110,5,0,31,70,storing_sex_A,NA
A,10,191,5,0,31,70,storing_sex_A,NA
A,10,185,5,0,31,70,storing_sex_A,NA
A,20,302,5,0,31,70,storing_sex_A,NA
A,20,346,5,0,31,70,storing_sex_A,NA
A,20,325,5,0,31,70,storing_sex_A,NA
A,20,351,5,0,31,70,storing_sex_A,NA
A,20,268,5,0,31,70,storing_sex_A,NA
A,30,249,5,0,31,70,storing_sex_A,NA
A,30,327,5,0,31,70,storing_sex_A,NA
A,30,389,5,0,31,70,storing_sex_A,NA
A,30,388,5,0,31,70,storing_sex_A,NA
A,30,64,5,0,31,70,storing_sex_A,NA
A,50,396,5,0,31,70,storing_sex_A,NA
A,50,298,5,0,31,70,storing_sex_A,NA
A,50,258,5,0,31,70,storing_sex_A,NA
A,50,348,5,0,31,70,storing_sex_A,NA
A,50,343,5,0,31,70,storing_sex_A,NA
A,5,168,5,0,31,70,storing_sex_A,NA
A,5,108,5,0,31,70,storing_sex_A,NA
A,5,104,5,0,31,70,storing_sex_A,NA
A,5,41,5,1,31,70,storing_sex_A,NA
A,5,177,5,0,31,70,storing_sex_A,NA
A,10,251,5,0,31,70,storing_sex_A,NA
A,10,146,5,0,31,70,storing_sex_A,NA
A,10,317,5,0,31,70,storing_sex_A,NA
A,10,180,5,0,31,70,storing_sex_A,NA
A,10,164,5,0,31,70,storing_sex_A,NA
A,20,316,5,0,31,70,storing_sex_A,NA
A,20,315,5,0,31,70,storing_sex_A,NA
A,20,322,5,0,31,70,storing_sex_A,NA
A,20,275,5,0,31,70,storing_sex_A,NA
A,20,260,5,0,31,70,storing_sex_A,NA
A,30,408,5,0,31,70,storing_sex_A,NA
A,30,354,5,0,31,70,storing_sex_A,NA
A,30,352,5,0,31,70,storing_sex_A,NA
A,30,267,5,0,31,70,storing_sex_A,NA
A,30,309,5,0,31,70,storing_sex_A,NA
A,50,369,5,0,31,70,storing_sex_A,NA
A,50,60,5,1,31,70,storing_sex_A,NA
A,50,304,5,0,31,70,storing_sex_A,NA
A,50,383,5,0,31,70,storing_sex_A,NA
A,50,416,5,1,31,70,storing_sex_A,NA
